names,lUnknown,rUnknown,lG_and_S_frontomargin,rG_and_S_frontomargin,lG_and_S_occipital_inf,rG_and_S_occipital_inf,lG_and_S_paracentral,rG_and_S_paracentral,lG_and_S_subcentral,rG_and_S_subcentral,lG_and_S_transv_frontopol,rG_and_S_transv_frontopol,lG_and_S_cingul-Ant,rG_and_S_cingul-Ant,lG_and_S_cingul-Mid-Ant,rG_and_S_cingul-Mid-Ant,lG_and_S_cingul-Mid-Post,rG_and_S_cingul-Mid-Post,lG_cingul-Post-dorsal,rG_cingul-Post-dorsal,lG_cingul-Post-ventral,rG_cingul-Post-ventral,lG_cuneus,rG_cuneus,lG_front_inf-Opercular,rG_front_inf-Opercular,lG_front_inf-Orbital,rG_front_inf-Orbital,lG_front_inf-Triangul,rG_front_inf-Triangul,lG_front_middle,rG_front_middle,lG_front_sup,rG_front_sup,lG_Ins_lg_and_S_cent_ins,rG_Ins_lg_and_S_cent_ins,lG_insular_short,rG_insular_short,lG_occipital_middle,rG_occipital_middle,lG_occipital_sup,rG_occipital_sup,lG_oc-temp_lat-fusifor,rG_oc-temp_lat-fusifor,lG_oc-temp_med-Lingual,rG_oc-temp_med-Lingual,lG_oc-temp_med-Parahip,rG_oc-temp_med-Parahip,lG_orbital,rG_orbital,lG_pariet_inf-Angular,rG_pariet_inf-Angular,lG_pariet_inf-Supramar,rG_pariet_inf-Supramar,lG_parietal_sup,rG_parietal_sup,lG_postcentral,rG_postcentral,lG_precentral,rG_precentral,lG_precuneus,rG_precuneus,lG_rectus,rG_rectus,lG_subcallosal,rG_subcallosal,lG_temp_sup-G_T_transv,rG_temp_sup-G_T_transv,lG_temp_sup-Lateral,rG_temp_sup-Lateral,lG_temp_sup-Plan_polar,rG_temp_sup-Plan_polar,lG_temp_sup-Plan_tempo,rG_temp_sup-Plan_tempo,lG_temporal_inf,rG_temporal_inf,lG_temporal_middle,rG_temporal_middle,lLat_Fis-ant-Horizont,rLat_Fis-ant-Horizont,lLat_Fis-ant-Vertical,rLat_Fis-ant-Vertical,lLat_Fis-post,rLat_Fis-post,lMedial_wall,rMedial_wall,lPole_occipital,rPole_occipital,lPole_temporal,rPole_temporal,lS_calcarine,rS_calcarine,lS_central,rS_central,lS_cingul-Marginalis,rS_cingul-Marginalis,lS_circular_insula_ant,rS_circular_insula_ant,lS_circular_insula_inf,rS_circular_insula_inf,lS_circular_insula_sup,rS_circular_insula_sup,lS_collat_transv_ant,rS_collat_transv_ant,lS_collat_transv_post,rS_collat_transv_post,lS_front_inf,rS_front_inf,lS_front_middle,rS_front_middle,lS_front_sup,rS_front_sup,lS_interm_prim-Jensen,rS_interm_prim-Jensen,lS_intrapariet_and_P_trans,rS_intrapariet_and_P_trans,lS_oc_middle_and_Lunatus,rS_oc_middle_and_Lunatus,lS_oc_sup_and_transversal,rS_oc_sup_and_transversal,lS_occipital_ant,rS_occipital_ant,lS_oc-temp_lat,rS_oc-temp_lat,lS_oc-temp_med_and_Lingual,rS_oc-temp_med_and_Lingual,lS_orbital_lateral,rS_orbital_lateral,lS_orbital_med-olfact,rS_orbital_med-olfact,lS_orbital-H_Shaped,rS_orbital-H_Shaped,lS_parieto_occipital,rS_parieto_occipital,lS_pericallosal,rS_pericallosal,lS_postcentral,rS_postcentral,lS_precentral-inf-part,rS_precentral-inf-part,lS_precentral-sup-part,rS_precentral-sup-part,lS_suborbital,rS_suborbital,lS_subparietal,rS_subparietal,lS_temporal_inf,rS_temporal_inf,lS_temporal_sup,rS_temporal_sup,lS_temporal_transverse,rS_temporal_transverse
sub-01_T1w,2.4405,2.2402,2.651,2.5004,2.3899,2.586,2.7625,2.4765,2.9252,2.944,2.647,2.6224,3.0407,3.2368,3.2326,3.0466,3.2591,2.9613,3.4205,3.3328,1.9279,3.0578,2.3687,2.2428,3.3199,3.2305,3.2788,2.9181,3.1362,2.8821,2.9913,2.9377,3.1442,3.2267,4.1122,4.3065,4.7916,4.345,2.701,2.8568,2.5332,2.524,2.8341,2.8246,2.3858,2.3657,2.7709,3.5625,3.4017,3.15,2.8263,2.8288,2.9132,2.9375,2.608,2.5738,2.3598,2.3361,3.0238,3.0548,2.8929,2.8359,2.748,2.9512,3.3647,4.0915,3.1477,3.175,3.293,3.2284,4.2207,3.8635,3.011,2.9294,2.7492,2.9485,3.2336,3.217,3.4055,3.1062,2.9663,3.0722,2.8912,2.9261,NaN,NaN,2.0692,2.199,3.4013,2.9177,2.3068,2.4166,2.1309,2.1368,2.5692,2.6127,3.96,3.4669,3.5604,3.4948,3.211,3.197,2.7038,2.6292,2.0264,2.2586,2.8227,2.7388,2.3477,2.6927,2.8845,2.764,2.4971,2.7932,2.3701,2.4652,2.1191,2.3181,2.272,2.3544,2.6303,2.3821,2.5604,2.8542,2.4521,2.6335,2.8833,2.7533,2.7711,2.5929,2.8847,3.041,2.383,2.5649,2.0287,1.87,2.4296,2.5412,3.0435,2.8889,2.8917,2.8593,2.8071,2.7568,2.4441,2.6607,2.614,2.548,2.6742,2.7238,2.8916,3.0725
sub-02_T1w,2.218,2.415,2.7394,2.4091,2.304,2.7209,2.6545,2.5879,2.9526,2.8489,2.7824,3.1154,2.9796,3.0349,3.165,3.0416,2.8859,3.017,3.3053,3.3587,2.8279,2.8209,2.2449,2.2507,3.2486,3.1345,3.0031,2.7998,2.8758,2.6491,3.0524,3.0345,3.4072,3.4556,4.452,4.4783,4.7861,4.6412,2.6741,2.7923,2.2976,2.4077,2.9964,3.1814,2.5546,2.6693,2.724,3.4251,3.2155,2.9111,2.9333,2.9059,3.0748,2.8535,2.6422,2.5973,2.4581,2.5052,3.0205,2.9763,2.8028,2.921,2.7614,2.4593,3.0637,2.1837,2.9917,2.8462,3.2472,3.1425,3.6371,3.2907,2.9626,2.9355,2.6411,2.9081,3.3093,3.2379,3.5604,2.9904,3.0785,2.8005,2.8915,2.8943,NaN,NaN,1.9508,2.0457,2.7378,2.8173,2.2687,2.3822,2.2308,2.2482,2.7074,2.6446,3.6711,3.6871,3.4855,3.5205,3.2225,3.21,2.5991,2.9211,2.2817,2.0669,2.7606,2.6546,2.7605,2.5617,2.9672,2.7298,2.8202,2.6859,2.4922,2.5082,2.2156,2.1022,2.4565,2.1227,2.6848,2.5451,2.586,2.6138,2.6187,2.4247,2.8412,2.4959,2.4185,2.3217,3.0255,2.891,2.5681,2.3541,2.0457,2.0502,2.558,2.4375,2.8766,2.8167,2.609,2.8593,2.8347,2.5786,2.566,2.6283,2.4638,2.4589,2.841,2.8008,2.7588,2.9649
sub-03_T1w,2.3238,2.3017,2.7681,2.7794,2.8556,2.7167,2.3024,2.4019,3.0371,3.0377,2.8701,2.76,3.0739,3.0919,3.2962,3.3352,3.2324,3.286,3.822,3.3974,3.2566,3.314,2.3592,2.3176,3.3342,3.2491,3.0964,3.2356,2.8516,2.9578,3.1623,3.0661,3.4102,3.3471,4.0483,3.9733,4.8559,5.2532,2.9184,2.8979,2.6171,2.7905,3.4376,3.1267,2.4929,2.4556,3.8531,3.7876,3.2444,3.277,2.7697,2.9837,2.9777,2.9774,2.6531,2.7014,2.4882,2.3833,3.0509,2.9796,3.0695,2.8718,2.7081,2.7453,2.5045,3.5575,2.7176,2.7827,3.122,3.3038,3.6034,3.6679,2.8765,2.8999,3.0563,3.1654,3.321,3.1863,2.7447,3.0074,3.3745,2.6302,2.7453,3.0026,NaN,NaN,2.0318,2.0407,3.2428,3.4226,2.398,2.3444,2.1462,2.2249,2.8392,2.6964,4.092,3.6048,3.3708,3.592,3.4429,3.3678,3.0462,3.1665,2.2973,2.4932,2.82,2.5235,2.8383,2.7524,3.1189,2.9744,2.8499,2.8443,2.695,2.5781,2.2643,2.2552,2.4515,2.3842,2.7107,2.4613,2.7757,2.8383,2.595,2.8875,2.6625,2.5919,2.5097,2.6209,3.2363,3.241,2.6638,2.6443,2.0311,1.9372,2.7011,2.4784,2.8001,2.7864,2.8791,3.0814,2.5063,3.0428,2.6659,2.7361,2.7925,2.9713,2.7269,2.7209,2.493,2.9003
sub-04_T1w,2.4089,2.435,2.7978,2.888,2.8169,2.8604,2.8119,2.3796,3.0379,3.0044,2.9832,2.756,2.8757,2.8847,3.2371,3.2463,2.8155,2.8624,3.2944,3.3637,3.2744,3.0206,2.3468,2.1669,3.3768,2.9957,3.434,2.5087,3.1352,2.8657,3.104,2.9042,3.2773,3.1928,4.8638,4.9291,5.6019,4.2113,2.8444,2.8817,2.3906,2.4486,3.1378,3.1323,2.4764,2.5428,3.7139,3.6804,3.5106,3.3629,3.0654,2.9259,3.1101,3.1705,2.6692,2.6567,2.4976,2.5044,3.0143,3.1217,2.8805,2.9253,2.7354,2.6907,3.3929,2.3654,2.925,2.7817,3.3677,3.201,3.717,3.937,3.1465,3.0471,3.3444,3.3236,3.1262,3.1984,3.2694,2.8598,3.4556,3.0104,3.0041,2.8524,NaN,NaN,1.9205,2.1242,3.7956,3.4257,2.2961,2.3025,2.2489,2.2672,2.643,2.6299,3.8814,3.4902,3.5671,3.6195,3.5018,3.227,2.9285,2.8786,2.3811,2.0651,2.6751,2.6032,2.6911,2.5616,2.9553,2.7986,2.8075,2.6873,2.4425,2.4194,2.219,2.1893,2.1205,2.2532,2.5785,2.6631,2.9265,2.895,2.4603,2.3216,2.9051,2.5624,2.2886,2.4252,3.0978,3.0519,2.4727,2.4701,1.9684,1.8463,2.5071,2.4457,2.839,2.7377,2.8613,2.8569,2.3317,2.748,2.8327,2.7064,2.5594,2.356,2.6935,2.7916,3.2742,2.7912
sub-05_T1w,2.445,2.4355,2.7786,2.7062,2.0526,2.8025,2.3828,2.4405,2.9842,2.9185,2.9478,3.1083,3.3015,2.9532,3.3262,3.4037,2.9201,3.0935,3.4806,3.6454,2.8979,2.8054,2.2031,2.2416,3.3431,3.2891,3.0315,3.1146,3.0099,3.0547,3.1984,3.1952,3.3348,3.322,4.3726,3.7234,5.2611,4.7756,2.9007,2.827,2.5033,2.4218,3.1782,2.8153,2.4382,2.4592,2.8865,2.9366,3.0416,3.117,2.8056,2.8259,3.0109,2.8873,2.5905,2.6289,2.3363,2.3005,2.9152,2.9798,2.9399,2.8895,2.7521,2.8844,3.563,2.9093,2.6441,2.7242,2.9788,2.9074,3.8094,3.3234,2.7983,2.8359,2.761,3.1258,3.0678,3.1104,2.8909,2.9015,3.4082,3.0067,2.8629,2.7262,NaN,NaN,2.0102,2.3777,3.1277,3.0805,2.2737,2.1557,1.9697,2.1279,2.7204,2.5989,3.6692,3.6552,3.752,3.5263,3.3977,3.2686,2.9141,2.9512,2.3515,2.3057,2.7342,2.8636,2.6739,2.766,2.9563,3.0861,2.6156,2.8106,2.4435,2.4687,2.1468,2.4799,2.3532,2.2061,2.4602,2.1771,3.0478,3.1782,2.4925,2.4591,2.6981,2.6119,2.3006,2.4618,3.1171,3.1474,2.5473,2.4153,2.0358,2.316,2.4558,2.4147,2.8002,2.8391,2.9757,2.8516,2.7568,2.8208,2.657,2.6646,2.6931,2.523,2.521,2.4902,2.0568,2.1185
sub-07_T1w,2.4775,2.3483,2.7581,2.5874,2.6311,2.6652,2.7392,2.302,3.3653,3.1141,2.8877,2.9946,3.1853,3.3337,3.2726,3.4035,3.0252,3.2512,3.6284,3.1692,3.2835,3.0449,2.4149,2.2288,3.2718,3.3301,3.1335,3.0566,2.8834,3.0419,3.1604,3.0329,3.4942,3.3224,5.1524,5.1168,4.7871,5.2503,2.8578,2.904,2.4701,2.495,2.93,2.715,2.5287,2.521,3.1268,3.1487,3.2485,3.3056,2.878,2.977,3.055,3.0983,2.7292,2.7293,2.4912,2.4929,3.1103,3.0398,3.1121,2.8726,2.7068,2.473,3.1067,3.0222,3.2649,3.0857,3.459,3.3494,3.6969,3.5076,2.8168,3.0066,2.8653,3.1714,3.3717,3.3388,2.7159,2.665,2.9155,2.9969,3.0167,3.1159,NaN,NaN,1.9337,2.0289,3.0874,2.5752,2.4688,2.4249,2.3877,2.1358,2.8568,2.9725,4.0387,3.9314,3.5938,3.6787,3.538,3.4464,3.0688,3.2326,2.1253,2.2859,2.6098,2.7772,2.7495,2.8328,2.8831,3.0817,3.1925,2.8434,2.5587,2.5917,2.2596,2.3491,2.6012,2.5265,2.4561,2.6945,2.7576,2.6633,2.6783,2.799,2.929,2.5278,2.4143,2.3108,3.1148,2.941,2.5942,2.4692,2.0404,1.8227,2.7481,2.4424,2.9977,2.9308,3.1093,2.9209,3.0493,2.6873,2.8861,2.8428,2.8209,2.5888,2.8333,3.018,2.974,3.2534
sub-08_T1w,2.5949,2.5139,2.5118,2.6651,2.6939,2.6634,2.4669,2.1059,2.9858,2.8814,2.7648,2.7943,3.3223,3.276,3.3822,3.4007,3.0013,3.107,3.4717,3.3535,3.236,3.1236,2.1313,2.2111,3.308,3.0586,3.096,2.9987,3.1152,2.9443,3.1132,2.8824,3.3231,3.2292,4.8011,4.1665,4.9813,4.3654,2.5264,2.5831,2.0012,2.2508,3.0268,3.1366,2.2641,2.4423,3.4715,3.5385,3.2695,3.0888,2.8805,3.053,3.0536,2.9302,2.5476,2.5967,2.3244,2.1506,3.1282,3.0926,2.9043,2.8751,2.6409,2.8272,3.4366,3.8586,3.0889,2.7573,3.2666,3.1853,3.8853,3.5217,2.8824,2.7211,3.0576,2.8166,3.3859,3.1477,2.962,2.8902,2.8817,2.9654,2.5738,3.0672,NaN,NaN,1.9458,2.1241,3.5101,3.3626,2.4529,2.3607,2.4136,2.5105,2.5871,2.5326,3.8554,3.641,3.8154,3.4707,3.3693,3.3554,2.7861,3.0159,2.1553,2.3326,2.6174,2.7084,2.8544,2.6793,3.0217,3.0488,3.0729,2.6287,2.5908,2.4862,2.2011,2.4832,2.4036,2.1939,2.4967,2.5991,2.6522,3.0005,2.5296,2.6893,3.0514,2.521,2.7915,2.6109,3.4658,3.0324,2.4618,2.4555,2.1619,2.0349,2.6373,2.4414,2.6898,3.0224,3.0164,3.024,3.054,3.1439,2.54,2.9769,2.743,2.6222,2.6653,2.8195,2.6977,2.8965
sub-09_T1w,2.8381,2.4557,3.6412,2.6122,3.1282,2.7892,2.4326,2.6081,3.5105,2.8312,3.1119,2.8495,4.547,3.2381,4.0387,3.2549,3.8976,3.0864,3.9312,3.2559,3.3724,3.249,2.5605,2.423,3.5935,3.075,3.7499,3.2922,3.3951,2.9131,3.4907,2.9742,3.5673,3.295,4.8018,4.6216,5.4627,4.7674,3.0663,2.9027,2.532,2.4562,3.6097,2.9719,3.213,2.6308,3.3025,3.28,3.4738,2.6605,3.1459,2.9422,3.1617,2.9469,2.87,2.595,2.4783,2.2163,3.4075,2.9641,3.2738,2.9245,2.992,2.4473,3.9339,2.6496,3.1562,3.1389,3.5276,3.5129,3.3505,3.6037,3.1016,2.9538,3.6274,2.8342,3.76,3.3985,3.8368,2.7504,3.4757,3.031,3.6309,2.8437,NaN,NaN,2.4286,2.0924,3.5351,2.6807,3.1209,2.4314,2.8617,2.0452,3.1325,2.7726,4.2439,3.2775,3.7775,3.6018,4.869,3.3652,4.4015,3.0331,3.4076,2.5058,3.8042,2.6779,4.034,2.5699,3.6977,2.894,2.9714,2.8734,3.4307,2.5673,3.1984,2.1072,3.1693,2.2915,3.3995,2.4261,5.2791,2.6452,4.2319,2.5977,4.1031,2.9367,2.8294,2.1226,3.5736,2.7261,3.1442,2.3488,2.2807,1.973,3.0572,2.4378,3.5346,2.7893,3.563,2.6477,4.2009,2.4151,3.9507,2.7679,3.9767,2.5939,4.0559,2.8701,3.6356,2.7933
sub-10_T1w,2.5456,2.4092,3.3907,2.657,3.2814,2.5485,2.6581,2.5302,3.1766,2.7584,3.1674,2.6427,4.356,2.9498,4.0551,3.2135,3.6241,3.0492,3.7965,3.41,3.4655,3.0749,2.679,2.417,3.3603,3.0179,3.4651,2.8827,2.9563,2.8366,3.3467,2.9475,3.4893,3.2193,4.9267,4.4857,5.8328,4.4645,2.9005,2.6553,2.6578,2.3842,3.4207,3.1563,2.5912,2.4557,3.8196,3.502,3.972,3.1237,3.1118,2.6277,3.2035,2.95,2.7147,2.616,2.2999,2.0642,3.1104,3.0946,2.9566,2.7898,3.7692,2.8086,3.7374,3.7263,2.9216,3.0617,3.8163,3.318,4.4681,3.9689,3.2306,2.9991,3.4351,3.0303,3.6086,2.9856,3.5641,3.0759,3.3493,2.679,3.5305,2.9743,NaN,NaN,2.3315,2.0853,4.4545,3.7821,3.0385,2.3798,2.4823,2.0987,3.2356,2.613,4.5337,3.4212,4.033,3.5324,4.3068,3.3384,3.8863,3.119,3.0055,2.2158,3.4606,2.6391,3.3202,2.7827,3.4334,2.8218,2.9499,2.8434,2.7266,2.3562,2.82,2.3044,2.9391,2.4011,3.1589,2.4106,3.4172,3.0954,3.7698,2.5301,3.2614,2.6446,3.4687,2.5632,4.2519,3.2299,3.3112,2.7211,3.1477,2.234,2.7523,2.1475,3.2988,2.9799,3.3737,2.9702,3.7769,2.959,3.5036,2.5918,3.3829,2.5454,3.7451,2.7259,3.5625,3.0038
sub-11_T1w,2.8819,2.7338,3.2222,2.6489,2.9805,2.7079,2.3515,2.4178,3.2644,2.7241,3.1478,2.6232,4.389,3.0966,4.2452,3.3751,3.8041,3.0972,3.7126,3.2499,3.112,2.976,2.5029,2.2637,3.5303,2.9724,3.6842,3.3301,3.1534,2.7769,3.2956,3.0244,3.3978,3.2828,4.5226,3.7506,5.0586,4.105,3.0891,2.5975,2.561,2.3182,3.4802,3.1095,2.9225,2.428,3.7822,3.8217,3.5146,2.9855,2.8118,2.8725,3.028,2.7307,2.6167,2.5653,2.4317,2.2832,3.066,3.0578,3.0486,2.9177,3.254,2.5757,3.7053,2.7409,3.0035,2.7579,3.6471,3.2084,4.1672,3.2327,3.0102,2.7696,3.5547,3.0434,3.6277,3.2496,3.3249,2.8622,3.8978,2.4894,3.1762,2.8272,NaN,NaN,2.4905,2.2187,4.237,3.5227,2.7862,2.243,2.4479,2.1678,2.9854,2.6081,4.0293,3.2929,3.6686,3.3776,4.1333,3.2142,3.6553,2.6826,2.9806,2.25,3.328,2.6993,3.3998,2.662,3.3142,3.0056,3.0091,2.6363,2.5995,2.4377,3.2101,2.2197,2.6864,2.2308,3.5541,2.3759,4.4564,2.8453,3.7667,2.7508,3.2238,2.7558,3.236,2.1525,4.2066,2.8198,2.6445,2.3336,3.1902,2.1936,2.728,2.327,3.1699,2.7859,2.9743,2.9013,3.5509,2.5856,3.5148,2.742,3.6823,2.5332,3.2353,2.7257,3.1954,2.8515
sub-12_T1w,2.636,2.6306,2.3278,2.435,2.5712,2.7935,2.4936,2.1794,3.0838,3.0186,2.7616,2.7304,2.9719,3.091,2.8538,3.3175,2.9134,2.9823,3.2515,3.4789,2.9317,3.3236,2.1661,2.3413,3.3093,3.2302,3.1377,2.7019,2.8151,2.991,3.0354,2.9996,3.226,3.2211,5.168,4.6968,5.3106,4.9628,2.8958,2.9563,2.4105,2.4806,3.3145,2.8893,2.6177,2.4529,3.2497,3.7692,3.4028,3.1044,2.8368,2.8908,3.0465,2.9909,2.6047,2.5755,2.4392,2.1478,2.9498,2.99,2.8814,2.8064,2.6999,2.9336,3.0192,2.7963,3.1574,3.3261,3.2119,3.3234,4.6737,3.8031,3.0381,2.8747,2.9094,2.8892,3.4749,3.4835,2.5324,3.197,3.2454,2.8421,2.7367,3.1512,NaN,NaN,2.0475,1.9874,4.1577,3.4921,2.4151,2.2488,2.1014,2.096,2.6189,2.6558,4.0876,2.9314,4.2092,3.8056,3.3129,3.4089,3.4336,3.0079,2.4263,2.436,2.6336,2.6564,2.6291,2.476,3.0419,2.8622,2.4794,2.5396,2.5214,2.6286,2.2467,2.2548,2.4866,2.2936,2.7859,2.4729,2.632,2.4041,2.9105,2.5372,2.1735,2.188,2.4995,2.4964,3.3095,3.1966,2.5265,2.4391,1.975,2.0049,2.5501,2.3705,2.7712,2.7698,2.8181,2.868,3.1627,3.1539,2.4341,2.4836,2.4656,2.8082,2.6254,2.897,2.3714,2.8947
sub-13_T1w,2.4042,2.3912,2.6237,2.8857,2.5438,2.4965,2.6275,2.4548,2.8596,2.8521,2.9974,2.9006,2.8645,2.8949,2.9017,2.9965,2.8226,2.9306,3.2377,3.2532,2.9997,2.9296,2.1847,2.3808,3.2498,3.1106,3.0307,2.74,2.974,2.8569,3.0998,3.0136,3.1845,3.2198,3.8709,4.043,4.7128,4.5439,2.7075,2.6843,2.2813,2.4591,2.9789,3.0484,2.3952,2.4806,3.6963,3.4366,3.5487,3.5762,3.0223,2.9497,2.9829,2.9801,2.6329,2.509,2.292,2.293,2.997,2.9355,2.807,2.823,2.6315,2.7802,2.0682,3.1777,2.9664,2.7321,3.2362,3.2019,3.6854,3.624,2.7162,2.9034,2.8475,2.7368,3.3518,3.3058,2.3339,3.0162,3.0413,2.7248,2.6417,2.7308,NaN,NaN,2.0574,2.2384,3.6331,2.8448,2.1174,2.219,2.1086,2.1214,2.6311,2.5691,3.7393,3.6837,3.5649,3.2147,3.1943,3.1206,3.2313,2.7606,2.8055,2.7095,2.4198,2.4665,2.6322,2.7094,2.7475,2.8368,2.7704,2.3792,2.4478,2.3168,2.4047,2.1535,2.2739,2.2637,2.1452,2.5599,2.2788,2.3317,2.3828,2.345,2.8083,2.8762,2.355,2.4241,3.2091,3.1465,2.381,2.2427,1.8109,1.8178,2.5922,2.3201,2.827,2.8276,2.91,2.8107,2.4846,2.8248,2.6375,2.3308,2.4428,2.6355,2.5917,2.6737,2.2543,2.8244
sub-14_T1w,2.3521,2.4308,2.7881,2.6735,2.3444,2.4721,2.3889,2.3978,3.067,2.9837,2.9119,2.783,3.3376,3.2534,3.3121,3.114,3.1213,3.2378,3.5656,3.3796,2.9601,2.7455,2.2621,2.2789,3.2156,3.1391,3.5408,2.7262,3.0147,2.8654,2.896,2.7189,3.1278,3.0821,4.4954,4.4037,4.985,5.0323,2.6741,2.8092,2.3866,2.4466,3.1277,3.1805,2.57,2.6169,3.5047,3.8878,3.2591,3.1111,2.6835,2.7573,2.9215,2.891,2.5458,2.6066,2.1745,2.2408,3.0391,2.8795,2.8192,2.7246,2.7805,2.9776,3.6037,3.2843,3.0943,3.1252,3.1999,3.0593,3.7203,3.3637,2.958,2.7774,3.1732,3.0573,3.2381,3.2419,2.6383,3.049,3.1558,3.4146,2.6413,2.9079,NaN,NaN,2.1513,2.1149,3.6712,3.6635,2.4152,2.5548,2.189,2.1861,2.7487,2.6746,3.7543,3.7232,3.8082,3.5283,3.6296,3.6081,2.9602,2.9103,2.4457,2.1208,2.4926,2.5561,2.771,2.5759,2.9036,2.7542,2.885,2.6738,2.4715,2.5268,2.2699,2.2073,2.3738,2.3407,2.5337,2.6633,2.5838,2.5283,2.4968,2.7163,2.6396,2.5844,2.5436,2.6218,3.2063,2.8034,2.5165,2.4647,2.2569,2.2398,2.4277,2.4176,2.9459,2.7501,2.8278,2.7941,2.8344,2.2112,2.5986,2.6852,2.5156,2.5212,2.5941,2.6831,2.1392,2.7997
sub-15_T1w,2.4091,2.369,2.7035,2.7214,2.6227,2.7408,2.6283,2.4337,2.8686,2.9955,2.7481,2.6959,2.9452,2.9256,3.0823,3.1016,2.9596,2.9349,3.3279,3.5224,3.0188,3.012,2.2971,2.3,3.2982,3.0298,3.1045,3.0828,3.1068,2.9998,3.0089,2.9493,3.4023,3.3382,4.0976,3.6571,4.839,4.3952,2.7002,2.9345,2.4138,2.4513,2.9805,3.117,2.4255,2.586,3.2195,3.2576,3.0338,2.9533,2.8128,2.777,3.0165,2.8914,2.4685,2.4263,2.507,2.4811,3.1111,3.0685,2.8278,2.8577,2.7206,2.6647,3.5244,2.9752,3.1058,3.0121,3.4401,3.2972,3.3959,3.2067,2.9442,2.7586,2.9738,2.9556,3.1846,3.0805,2.6004,2.6851,3.2057,3.2717,2.7027,2.9136,NaN,NaN,2.1318,2.236,3.6402,2.6571,2.3751,2.3361,2.262,2.2567,2.7533,2.7006,3.5128,3.1879,3.0943,2.8707,3.2666,3.3238,2.9943,2.9279,2.3318,2.4526,2.6753,2.6978,2.9622,2.5874,2.986,2.9138,3.0344,2.8348,2.543,2.4636,2.2188,2.3837,2.3793,2.4808,2.5088,2.9128,2.6623,2.8169,2.6231,2.6223,2.989,2.4121,2.4046,2.2954,2.9012,2.9555,2.4872,2.3999,2.0042,1.8079,2.5131,2.58,2.9187,2.9537,2.9514,2.954,2.8966,2.2872,2.6707,2.9149,2.5219,2.6513,2.7428,2.8399,2.8181,2.8894
sub-16_T1w,2.3728,2.2688,2.6836,2.5343,2.5432,2.5626,2.667,2.496,2.7967,3.0273,2.8771,2.9846,3.026,3.0409,3.042,3.0842,2.7573,2.8772,3.4506,3.3043,3.3137,3.3253,2.3732,2.2345,3.1425,3.0105,3.1384,3.0726,2.9045,2.8695,2.958,2.9209,3.3171,3.213,4.6571,4.5169,5.2176,4.2411,2.849,2.7946,2.414,2.4464,2.9036,2.8532,2.6054,2.5455,3.6553,3.6104,2.9473,3.2621,2.8073,2.8605,2.8164,2.98,2.7194,2.6339,2.1986,2.4202,2.7044,3.0173,2.8096,2.779,2.6418,2.3333,2.0214,2.1898,3.1238,2.9487,3.2512,3.4072,3.6993,3.7634,2.637,2.9045,2.9192,3.0236,3.1844,3.135,3.2068,3.116,2.8382,2.8343,2.4814,2.7845,NaN,NaN,2.1789,2.3112,3.4324,2.9166,2.3424,2.2392,2.0423,2.2276,2.5121,2.5102,3.4778,3.2337,3.5703,3.3971,3.112,2.8947,2.9251,2.7335,2.1007,2.533,2.6578,2.6224,2.6136,2.6233,2.8173,2.9203,2.4928,2.6934,2.1835,2.392,2.1856,2.368,2.0613,2.2551,2.4015,2.5018,2.7724,2.6451,2.4589,2.3646,2.4758,2.8648,2.9002,2.9775,3.0317,2.9557,2.3375,2.2904,2.2254,2.0476,2.4,2.4034,2.7838,2.8617,2.7926,2.9428,2.4343,2.6256,2.5133,2.5918,2.6894,2.5288,2.376,2.6014,2.3144,3.2348
sub-17_T1w,2.5535,2.4577,2.6981,2.6065,2.4171,2.8643,2.6234,2.8293,3.1026,2.8226,2.7022,2.7469,2.9703,2.906,3.237,3.2284,2.888,3.2237,3.3086,3.3269,2.6877,2.7361,2.3977,2.3779,3.3702,3.1915,3.6135,3.1992,2.9605,3.0177,3.0832,2.9582,3.3694,3.3381,4.5619,3.9659,5.8844,4.8324,2.7313,2.853,2.5683,2.6291,3.3345,2.9731,2.5767,2.581,3.4181,3.5514,3.3974,3.3944,2.8336,2.7806,2.9858,2.8967,2.671,2.7187,2.5084,2.5586,3.1546,3.2362,2.8866,2.8683,2.6815,2.7611,2.9534,2.1646,2.9115,2.8943,3.5114,3.3464,4.3002,3.785,2.9906,2.7874,3.0819,3.1985,3.4221,3.2999,2.541,3.2944,3.2584,2.7865,2.8799,2.9546,NaN,NaN,2.2555,2.2795,3.8386,2.9967,2.1767,2.2932,2.3419,2.3592,2.4383,2.7159,4.1477,3.3789,3.4708,3.1262,3.5525,3.4411,3.1155,2.8677,2.2333,2.6314,2.7246,2.7182,2.5748,2.7744,3.1045,2.9601,2.7078,2.7471,2.4184,2.4622,2.4638,2.4445,2.499,2.4333,2.6669,2.3087,2.6864,2.6024,2.7934,2.6175,3.1565,2.9492,2.4059,2.427,2.9445,2.9921,2.5029,2.3812,1.8557,1.7708,2.6157,2.5274,3.1032,3.0956,2.8602,3.0215,2.8341,2.7067,2.474,2.5878,2.9052,2.8239,2.7935,2.7673,2.2834,2.9614
sub-18_T1w,2.8226,2.569,2.6063,2.6166,2.3584,2.7063,2.1773,2.2037,2.8823,2.9601,2.2098,2.7007,2.9821,3.2081,3.1685,3.3065,3.256,3.0271,3.604,3.613,2.8924,2.7326,2.0376,2.1202,3.0421,3.1594,3.251,2.9209,2.8597,2.762,2.7245,2.7809,3.1077,3.0174,4.8601,4.6475,5.3266,4.7587,2.8814,2.9325,2.3584,2.4613,3.3747,2.9491,2.2722,2.3326,2.6523,3.4453,3.2491,3.1232,2.8559,2.8063,2.926,2.9417,2.3449,2.2193,1.9137,2.0399,2.686,2.7154,2.5989,2.5985,2.3559,2.3247,2.6114,3.1318,2.9154,3.1575,3.2512,3.3085,3.7741,3.0354,2.9785,2.9345,3.3084,3.1268,3.5736,3.3559,2.1182,2.9452,3.0086,3.0762,2.7292,2.9283,NaN,NaN,1.7885,2.1215,3.5019,2.7965,2.2404,2.1829,1.8336,1.9639,2.4575,2.5469,3.5458,3.2271,3.393,3.3435,3.3423,3.4873,3.4113,2.9312,2.4121,2.2522,2.4212,2.3794,2.628,2.5353,2.6342,2.7499,2.6587,2.6238,2.4187,2.2849,2.0842,2.2811,2.2201,2.458,2.2103,2.4851,2.5621,2.9137,2.2933,2.2325,3.2018,2.9273,2.8549,2.7517,3.2365,3.2783,2.4371,2.3289,2.1563,1.8394,2.3142,2.437,2.5652,2.5085,2.4299,2.6049,2.8703,2.8025,2.4112,2.6155,2.6769,2.7652,2.7505,2.8698,2.5942,3.2107
sub-21_T1w,2.4594,2.5006,2.919,2.5411,2.8294,2.4106,2.4219,2.5432,2.944,3.0587,2.8327,2.8487,3.1323,3.0473,3.2005,3.2261,2.9344,3.0939,3.3134,3.3971,3.0933,3.1527,2.2834,2.3363,3.3356,3.1314,3.3077,2.7756,2.8277,2.9248,3.1131,2.9553,3.456,3.3674,3.8893,3.9568,4.9785,4.7219,2.6594,2.8865,2.3358,2.4571,2.8678,3.2699,2.4732,2.5948,3.2876,3.5182,3.3332,3.2431,2.8901,3.017,2.941,2.998,2.5478,2.7819,2.4034,2.4253,3.0096,3.1992,2.8168,2.8258,2.6558,2.5389,2.9502,3.1261,2.8808,2.9225,3.4236,3.2887,3.578,3.5316,2.9283,2.9785,3.0977,2.9562,3.1844,3.3354,3.0184,2.5299,2.9506,3.1375,2.8749,2.89,NaN,NaN,1.9317,2.0133,2.963,3.0385,2.1667,2.2431,2.0365,2.2436,2.4407,2.6672,3.8798,3.568,3.7499,3.413,3.2942,3.4254,2.9946,3.1367,2.2297,2.6525,2.7458,2.672,2.8993,2.6466,3.1152,2.9624,2.9783,2.1834,2.5056,2.6514,2.2973,2.3465,2.0251,2.362,2.5354,2.489,2.4823,2.3958,2.7717,2.5598,2.8259,2.5267,2.5905,2.4278,2.9519,3.0134,2.5367,2.6599,1.8644,2.1395,2.5483,2.5715,3.1084,2.9543,2.6697,2.9776,2.7851,2.626,2.5782,2.586,2.6096,2.7134,2.6387,2.8595,2.2697,3.1111
sub-22_T1w,2.3172,2.2921,2.7057,2.7231,2.6294,2.7844,2.4106,2.3393,2.8875,2.8711,3.0518,2.8963,3.2689,2.9487,3.0582,3.1966,2.9078,2.9998,3.2272,3.1492,3.6776,3.4002,2.4039,2.3962,3.1319,2.945,3.1463,2.6567,2.9329,2.8124,3.0487,2.9729,3.2792,3.2498,4.3561,4.6258,4.9982,4.2937,2.9497,2.7724,2.5273,2.6159,2.9824,2.955,2.4151,2.5662,3.4895,3.5999,3.2485,3.2544,2.9823,2.9366,3.0866,3.0185,2.6773,2.6383,2.4737,2.3764,2.8907,2.9812,2.934,2.8711,2.8068,2.7936,2.4409,3.1825,3.0137,3.0545,3.3621,3.2911,3.6969,3.5806,2.8977,3.0409,3.26,3.2477,3.3954,3.0685,3.3904,2.8984,3.1001,2.9291,2.5673,3.0423,NaN,NaN,2.1991,2.3232,3.5768,3.5128,2.3382,2.5186,2.1337,2.1491,2.7253,2.572,3.9126,3.158,3.4397,3.4481,3.3034,3.1882,2.8698,2.866,2.4069,2.4407,2.6138,2.5498,2.7552,2.7057,2.8823,2.8252,3.1958,2.3386,2.4734,2.3367,2.413,2.1279,2.4091,2.5164,2.4468,2.5801,2.8611,2.4413,2.3121,2.5588,2.6218,2.5467,2.3644,2.4614,3.1712,3.1755,2.6632,2.4114,1.7239,2.2299,2.5062,2.4596,2.7972,2.7298,2.7753,2.7416,2.2296,2.9265,2.4763,2.6785,2.9843,2.8198,2.7799,2.7303,2.4241,2.7574
sub-23_T1w,1.9787,2.0885,2.5874,2.6429,2.3896,2.0055,2.5944,2.4058,2.8483,2.941,2.6295,2.8265,2.8815,3.0439,3.0022,2.972,2.9655,3.0636,3.436,3.375,2.6581,2.8959,2.1035,2.1312,3.0933,2.964,3.1053,2.8714,2.9435,2.7901,2.8725,2.7234,3.2236,3.1832,4.3433,4.1755,5.5132,4.8108,2.6532,2.6401,2.2803,2.2007,2.753,2.653,2.3784,2.2654,2.7869,2.7502,2.5509,2.652,2.7268,2.6709,2.7581,2.9697,2.4128,2.4053,1.992,2.1495,2.5807,2.8711,2.7914,2.7626,2.4364,2.4619,2.8896,2.6912,2.7881,2.7328,2.9806,2.856,2.6919,2.5809,3.0412,2.6105,2.5467,2.6602,2.8414,2.6669,3.1028,2.6905,2.997,3.0725,2.4223,2.7379,NaN,NaN,1.8962,1.6207,2.5466,2.5534,2.21,2.2056,1.9316,2.0319,2.6538,2.6179,3.56,3.6841,3.3455,2.8501,3.0831,3.3277,2.5605,2.762,2.149,1.9917,2.3879,2.6085,2.55,2.5941,2.926,2.8068,3.4873,2.8112,2.3504,2.3021,2.1577,2.177,2.1105,2.3046,2.2652,2.0422,2.4741,2.9315,2.4171,2.2862,2.6268,2.7186,2.2339,1.9118,2.8171,2.7541,2.5441,2.2761,2.1245,2.0257,2.2846,2.2011,2.4839,2.6613,2.8064,2.5877,3.2013,3.2847,2.4482,2.5159,2.2801,2.3954,2.5844,2.5079,2.3587,2.5589
sub-24_T1w,2.5935,2.742,2.6983,2.6605,2.8542,2.8115,2.6071,2.748,3.1604,3.1074,2.8803,3.2008,3.3036,3.2243,3.3211,3.3081,3.1703,3.2518,3.5929,3.8352,3.1532,3.2643,2.2329,2.5215,3.3683,3.2989,3.3758,3.0286,3.0309,3.07,3.2139,3.2817,3.4896,3.5932,4.5601,4.7372,4.9994,4.7698,2.9571,2.9127,2.4027,2.4355,3.0607,3.1849,2.512,2.6358,3.656,3.8751,3.3444,3.2713,2.9974,3.135,2.9882,3.086,2.7588,2.7005,2.4987,2.3821,3.1727,3.1341,3.0468,3.1074,2.7101,2.669,2.8247,2.6897,3.1839,3.2168,3.4706,3.5244,3.9027,4.115,2.9759,3.3243,3.2139,3.1766,3.1512,3.5998,2.9801,3.3182,3.2854,3.2458,2.9074,3.0307,NaN,NaN,2.2675,2.1577,3.6326,3.526,2.5014,2.5011,2.2191,2.2426,2.5509,2.7707,3.7857,3.2113,3.7021,3.7359,3.3859,3.3081,3.0235,2.9206,2.4212,2.4282,2.5962,2.713,2.5197,2.6553,2.9747,3.1061,2.6294,2.857,2.4384,2.6213,2.3004,2.3428,2.5323,2.418,2.9442,2.7174,2.7058,2.7038,2.6144,2.8474,2.6501,2.8097,2.2756,2.4864,3.1952,3.2129,2.5309,2.6787,1.8333,1.9483,2.4399,2.5821,2.9157,3.027,3.0048,3.0541,2.9572,2.7477,2.9967,2.8906,2.5957,2.4954,2.7196,2.9016,3.0209,2.9449
sub-25_T1w,2.5387,2.3071,2.3851,2.532,2.5442,2.4007,2.2037,2.4152,3.0276,2.8999,2.7221,2.8272,2.9816,3.0726,3.2126,3.1914,3.0089,3.1545,3.2789,3.147,3.119,3.4041,2.2593,2.3253,3.1132,3.0906,3.113,2.6691,2.7108,2.6488,2.9015,2.8119,3.0899,3.1,4.5203,4.4606,5.5869,4.7071,2.6726,2.6554,2.2442,2.3531,2.7819,2.9354,2.4417,2.4895,3.7324,3.4415,3.0523,2.9462,2.8053,2.8074,2.7965,2.9247,2.3609,2.5029,1.9722,2.1818,2.7605,2.794,2.7793,2.6664,2.9219,2.5686,2.7927,3.2715,3.0119,2.8618,3.0507,3.073,4.1264,3.8756,2.6906,2.8225,2.7527,2.9518,3.0022,2.9827,2.8868,2.8913,2.9728,2.842,2.7382,2.8782,NaN,NaN,2.1188,1.9806,3.5984,2.9168,2.3765,2.4427,2.0542,2.0914,2.541,2.5071,4.1476,3.3101,3.5715,3.5087,3.3134,3.4031,3.4156,2.7562,2.3155,2.0729,2.6441,2.5675,2.4672,2.5901,2.7725,2.691,2.6192,2.5074,2.3168,2.3089,2.4163,2.34,2.3669,2.3348,2.278,2.5557,2.4878,2.4458,2.6954,2.6916,2.4988,2.8605,2.4089,2.6734,2.9061,2.7269,2.51,2.5234,2.1342,2.0278,2.3101,2.3297,2.7776,2.7277,2.6886,2.8656,2.2014,2.9798,2.5553,2.6737,2.4314,2.4122,2.6123,2.7496,2.5351,2.6148
sub-27_T1w,2.5278,2.3954,2.5355,2.8343,2.5109,2.5601,2.7098,2.691,3.0929,3.0822,3.055,3.2552,3.0127,3.1568,3.0604,3.2254,2.8036,3.0899,3.5395,3.7582,3.4584,2.9238,2.3155,2.4374,3.4624,3.2216,3.2459,3.0221,3.253,2.9735,3.0881,3.0298,3.3105,3.3382,4.9976,4.6498,5.3931,4.3278,3.055,2.9097,2.4077,2.4673,3.0356,3.2258,2.5242,2.5598,3.2242,3.1183,3.1442,3.1097,2.9,2.9926,3.1391,3.104,2.6299,2.5966,2.4312,2.2742,3.1105,2.9013,2.9631,2.9025,3.2256,2.8991,2.7682,2.7673,3.0248,3.1438,3.3992,3.3726,3.9972,3.4029,3.1492,3.0019,2.9997,2.8793,3.1721,3.1374,2.8915,2.7505,3.3382,2.781,2.9385,2.9942,NaN,NaN,1.9767,2.3195,3.2841,2.6882,2.581,2.3421,2.3649,2.1422,2.4395,2.5525,3.5037,3.1634,4.3067,3.8897,3.3793,3.3274,3.1299,3.2145,2.1469,2.3779,2.686,2.6553,2.8,2.6801,2.8548,2.7568,2.5539,2.5135,2.3948,2.3667,2.2036,2.2851,2.4784,2.1458,2.4633,2.5104,2.7902,2.8272,2.4121,2.413,3.0078,2.6837,2.3582,2.3774,2.9172,3.0034,2.4676,2.4143,1.8947,1.803,2.4539,2.4795,2.8051,2.8293,2.7805,2.6806,2.52,2.8562,2.3372,2.7813,2.7912,2.7125,2.6345,2.7116,2.9891,3.4134
sub-28_T1w,2.5646,2.3522,2.9096,2.8397,2.8768,3.0811,2.7149,2.7067,3.0804,2.8706,2.8864,2.9929,3.1592,3.1002,3.2469,3.3198,3.2101,3.2263,3.5998,3.6418,3.3824,3.137,2.3834,2.5525,3.4553,3.3093,3.3704,3.1312,3.2521,3.2076,3.2004,3.1354,3.2907,3.2797,4.7272,5.0351,6.0901,4.6534,2.9521,2.8798,2.647,2.6721,3.1489,3.126,2.6157,2.6587,3.6337,3.442,3.4166,3.1667,2.9581,3.0302,3.2948,3.118,2.7644,2.7497,2.426,2.4927,3.056,3.0973,3.0734,2.9958,3.1694,2.9939,2.7356,3.4042,2.8651,2.9479,3.7282,3.4232,3.8302,3.339,3.2959,3.0278,3.3848,2.9576,3.4622,3.1986,3.2359,3.0626,3.2758,2.9693,2.8838,2.9421,NaN,NaN,2.1353,2.336,3.846,3.0723,2.6456,2.5235,2.2618,2.2869,2.7864,2.9245,3.8758,3.4512,3.8765,3.4282,3.6011,3.5639,3.1129,3.1845,2.1097,2.5454,2.8157,2.7268,2.7792,2.7528,2.9349,3.016,2.9076,2.7284,2.6424,2.5849,2.2758,2.3228,2.5346,2.2832,2.6335,2.4799,2.984,2.7446,2.7994,2.8018,2.6585,2.9078,3.0341,2.4214,3.4883,3.1902,2.7015,2.4586,2.2131,2.1658,2.8647,2.5932,2.9892,2.904,2.9192,2.9137,2.4773,3.0926,2.8078,2.9867,2.9065,2.2995,2.7981,2.7889,2.2634,2.9624
sub-29_T1w,2.4658,2.2902,2.7898,2.8983,2.4103,2.7419,2.2431,2.2971,3.2435,3.0125,2.9941,2.8858,3.2638,3.3529,3.0809,3.4517,3.084,3.346,3.731,3.6113,2.99,3.1685,2.1887,2.295,3.2312,3.2083,2.9563,3.1191,3.1122,3.2191,3.1594,3.0673,3.241,3.2384,4.7403,4.7162,4.8262,4.4115,2.802,2.7794,2.5101,2.6403,3.2558,3.0259,2.5482,2.5286,3.3687,3.773,3.285,3.2152,2.9844,2.9884,3.1143,3.0237,2.6419,2.6358,2.4607,2.6419,2.9054,2.9948,3.0246,2.9496,3.0428,2.8744,2.4771,3.1441,3.2905,3.6386,3.3182,3.5088,3.7035,4.0275,3.1643,3.1573,3.1753,3.1641,3.4808,3.309,3.0578,3.1236,2.9469,2.8489,2.9571,2.9968,NaN,NaN,2.1239,2.3193,3.5602,3.0358,2.4788,2.4537,2.2193,2.3708,2.8188,2.6957,3.5014,3.5239,3.4988,3.4901,3.5347,3.312,2.8767,2.9693,2.8675,2.8903,2.9875,2.8074,2.7567,2.7972,2.9528,3.0177,2.3822,2.5128,2.5325,2.4592,2.5915,3.0184,2.4048,2.4786,2.5056,2.6046,2.5129,2.5747,2.7381,2.6384,2.8624,2.7821,2.425,2.3452,3.2143,3.0959,2.7115,2.5829,2.2515,2.1802,2.6174,2.5766,2.9839,3.0663,2.9391,3.0139,3.0502,2.8119,2.754,2.9889,2.899,2.8744,2.8639,2.9476,3.0454,3.5447
sub-30_T1w,2.4533,2.4304,2.6232,2.6994,2.3674,2.5494,2.4121,2.1765,2.9193,2.9809,3.0297,2.9829,2.9418,3.2122,3.0115,3.2177,3.2209,3.2328,3.5049,3.6932,3.2058,3.0548,2.3652,2.0388,3.0233,3.2168,3.1482,3.0159,2.8096,3.129,3.0405,3.2121,3.3428,3.2797,4.1651,4.597,4.5777,4.4904,2.7105,2.5079,2.1866,2.4681,2.9571,2.989,2.4463,2.4319,2.995,3.1594,3.291,3.2557,3.0707,3.0307,2.9931,2.9908,2.5116,2.4603,2.0843,2.1381,2.5189,2.7094,2.7948,2.6891,2.7162,2.7524,2.9126,3.0998,2.9182,2.7864,3.0641,3.0813,3.5861,3.594,2.7655,2.984,2.8333,2.8447,3.1876,3.0727,3.0262,3.164,2.6528,2.6,2.8362,2.7548,NaN,NaN,1.8885,2.0976,3.6746,3.5952,2.3075,2.2254,1.9532,1.8539,2.6208,2.4532,3.7817,3.3602,3.3434,3.6177,3.0739,3.0733,2.9372,2.9865,1.9026,1.9389,2.4929,2.6087,2.6076,2.9283,2.7408,2.9941,2.9792,2.846,2.2937,2.4633,2.4403,2.1807,2.2418,2.0964,2.426,2.2235,2.4974,3.2217,2.7223,2.5581,2.8221,2.483,2.3877,2.6395,2.9738,3.3429,2.503,2.4193,2.2058,2.0701,2.0173,2.2024,2.7994,2.7523,2.6114,2.6052,2.7315,2.229,2.7297,2.5232,2.36,2.4109,2.6174,2.6209,2.6788,2.8833
sub-31_T1w,2.4959,2.3775,2.6617,2.5409,2.958,2.7988,2.5748,2.5808,2.8856,3.0148,2.7233,2.7059,3.0222,2.9907,3.0254,3.2868,3.1639,3.1144,3.9531,3.7041,3.2735,3.2955,2.1202,2.2105,3.2619,3.0713,3.1321,2.8624,2.9715,2.8599,3.0993,3.1072,3.2689,3.2552,4.4414,4.2794,4.9686,4.4001,2.6187,2.6238,2.4295,2.5962,2.9879,3.133,2.2348,2.4231,3.8846,3.9753,3.2616,3.1454,2.9403,2.9918,2.9942,3.0753,2.6186,2.6345,2.3326,2.4583,2.946,3.0917,2.8111,2.9196,2.893,2.8231,3.4917,4.0766,2.6787,3.0326,3.3833,3.3396,4.2082,4.1002,2.841,3.0713,3.2166,2.8581,3.2435,3.0751,2.7161,2.7793,3.1312,2.7598,2.8931,2.9734,NaN,NaN,2.0951,2.1674,3.5619,3.3386,2.3385,2.4686,2.1468,2.2892,2.7322,2.7529,3.7387,3.6296,3.9502,3.6782,3.3274,3.104,3.1972,3.0322,2.2265,2.3786,2.7376,2.6296,2.5442,2.5683,2.9414,2.9445,3.0465,2.6917,2.5802,2.6303,2.1971,2.6959,2.2033,2.4199,2.4294,2.3673,3.0128,3.1551,2.672,2.3782,2.835,2.86,2.5636,2.6845,3.2182,3.2977,2.492,2.579,2.3599,2.3839,2.5703,2.5374,2.9605,2.9203,3.1291,2.8321,2.6735,2.891,2.5907,2.7731,2.7905,2.6375,2.7854,2.8317,2.6738,2.8828
sub-32_T1w,2.2841,2.4546,2.8847,2.5775,2.8128,2.3733,2.7252,2.676,3.0083,2.9971,2.8827,2.8051,3.1187,2.9337,3.1979,3.4596,3.1062,3.255,3.492,3.4414,2.8864,3.2274,2.2318,2.2925,3.0999,2.9691,2.9569,2.7619,2.9608,2.7748,3.0043,2.977,3.3325,3.2271,4.3862,4.2313,4.4234,4.0933,2.8463,2.8102,2.2064,2.2447,3.0488,3.2223,2.4772,2.3953,3.2901,3.5147,3.0577,3.1711,3.0769,2.936,2.9465,2.8538,2.7628,2.6993,2.5444,2.4474,3.1346,3.1091,2.8634,2.7167,2.7186,2.7835,3.919,3.3863,2.9966,3.1272,3.4063,3.2682,3.6365,3.5731,2.8442,2.8353,3.1413,3.0614,3.353,3.3378,2.6462,2.6714,3.0695,2.2841,2.8622,3.065,NaN,NaN,2.133,2.2687,3.453,3.6304,2.6854,2.5422,2.3957,2.325,2.7845,2.646,3.4671,3.3989,3.4499,3.3995,3.1972,3.2902,3.1662,2.8706,2.3149,2.3032,2.6789,2.7959,2.8461,2.7628,3.0569,3.0053,3.3514,2.8771,2.5351,2.5232,2.3748,2.3919,2.3629,2.393,2.3251,2.4338,2.3343,2.5028,2.8526,2.7759,2.8798,2.8174,2.2999,2.5635,3.245,3.168,2.3649,2.4238,1.8957,2.2184,2.5678,2.4443,2.8384,2.8859,2.7152,2.789,2.6202,3.0819,3.0461,2.8413,2.5821,2.5445,2.8633,2.8279,2.8364,2.7932
sub-33_T1w,2.5415,2.5769,2.5634,2.6038,2.0066,2.5632,2.3957,2.4227,2.91,2.7629,2.8975,2.8137,2.8496,2.8559,3.0326,3.1995,3.0244,3.1162,3.1134,3.3641,2.8223,2.9182,2.275,2.3241,3.1297,3.18,3.3056,3.0781,2.9536,2.91,2.9987,2.9349,3.1974,3.1914,3.7933,4.2349,4.0394,4.6838,2.9531,2.8661,2.3676,2.4795,2.86,2.9692,2.2788,2.4727,3.3917,3.8079,3.2462,3.3896,3.0309,2.8549,2.9503,2.9021,2.6079,2.4158,2.2197,2.0571,2.6452,2.4593,2.841,2.7855,2.6919,2.621,2.3086,2.8589,2.8832,2.8145,3.2534,3.0869,3.3085,3.4186,2.8928,2.6615,2.934,2.8304,3.1238,3.0544,2.8346,2.4035,3.0244,3.1887,2.6307,2.6,NaN,NaN,2.0686,2.324,3.9127,3.2896,2.2369,2.201,1.9475,1.7935,2.5869,2.3529,3.6713,3.7458,3.1852,3.4846,3.1334,3.2523,2.9839,3.0526,1.7822,2.1285,2.475,2.6008,2.7383,2.6577,2.8449,2.8802,2.4586,2.6444,2.3453,2.2118,2.1819,2.3297,2.24,1.9827,2.2012,2.2634,2.4009,2.9296,2.5932,2.6043,2.4703,2.986,2.6754,2.4004,2.9379,3.138,2.2884,2.3291,2.1258,2.7855,2.3654,2.2948,2.6928,2.6983,2.782,2.7133,2.2527,2.9287,2.7877,2.5704,2.3351,2.3646,2.5352,2.571,2.674,2.7075
sub-34_T1w,2.6109,2.5618,3.0995,2.9091,2.7868,2.5679,2.5771,2.4962,3.029,3.0758,3.1995,3.06,3.4072,3.3672,3.1854,3.3586,2.8772,3.2271,3.5249,3.8414,3.4237,3.363,2.3345,2.2456,3.2254,3.331,3.5895,2.8028,3.2799,3.2638,3.2822,3.2256,3.5356,3.511,4.8811,3.6882,4.7324,4.8265,2.9331,2.9784,2.403,2.334,3.3867,3.1042,2.7997,2.6127,3.4221,3.4086,3.3934,3.4633,3.1676,3.2188,3.0615,2.9206,2.8094,2.7808,2.4708,2.3564,3.1898,3.1856,2.9549,3.0458,2.7161,3.1045,3.2789,4.1369,3.1821,3.1088,3.19,3.3374,3.8916,3.5678,2.8841,3.076,3.0962,2.8248,3.3319,3.1346,2.8218,3.0719,2.9696,2.9041,2.6033,3.0343,NaN,NaN,2.1384,2.1759,3.58,3.4892,2.4884,2.4927,2.219,2.1857,2.7832,2.7671,3.7807,3.508,3.6959,3.4278,3.506,3.1934,3.4507,2.7649,2.5003,2.3958,2.8739,2.8881,2.9849,2.9357,3.089,2.9902,2.8111,2.5952,2.5101,2.5012,2.3681,2.4592,2.3197,2.3589,2.5883,2.6099,2.8004,3.1984,2.8692,2.8461,2.611,2.7839,2.3366,2.8095,3.2942,3.2546,2.6624,2.6514,2.1918,2.3211,2.4398,2.5742,2.953,3.059,2.9454,2.9393,3.2093,3.7688,2.996,3.162,2.903,2.7408,2.855,2.8167,3.2264,3.0632
sub-35_T1w,2.3593,2.3018,2.7516,2.631,2.5553,2.6484,2.4561,2.5154,2.8186,2.7844,2.9997,2.9138,3.0469,2.969,3.2411,3.3119,2.9207,3.0568,3.4228,3.5425,2.8578,3.2342,2.4057,2.3355,3.2215,3.1133,2.8644,2.906,2.8509,2.7583,3.0915,3.0513,3.2052,3.3405,4.4617,4.4508,5.622,4.5502,2.9337,2.8094,2.3797,2.3848,3.2662,3.0342,2.5477,2.5579,3.8291,3.7079,3.2672,3.2136,2.7334,2.7002,2.8177,2.8753,2.4867,2.4859,2.3084,2.333,2.9819,3.0286,2.8719,2.7788,2.8991,2.7927,3.257,3.4926,2.6576,2.7174,3.0768,3.1697,4.2126,3.8595,2.7154,2.6955,3.0508,2.9915,3.2518,3.0937,3.181,3.115,2.9031,2.7779,2.5684,2.7576,NaN,NaN,2.064,2.1257,3.5962,3.5083,2.4193,2.5011,2.1974,2.168,2.7481,2.6831,3.8049,3.2638,3.3822,3.4173,3.3701,3.2153,3.0745,2.8634,2.1389,2.0902,2.689,2.6196,2.765,2.7896,2.971,2.8785,2.4874,2.4604,2.3525,2.2956,2.3608,2.1725,2.3067,2.3332,3.029,2.4982,2.7166,2.6539,2.6862,2.6281,3.1005,2.7368,2.4144,2.5026,3.3123,3.079,2.6531,2.6722,2.2058,1.8805,2.3925,2.4812,2.9877,2.8023,2.95,2.8587,2.5919,3.0865,2.584,2.6132,2.9131,2.4745,2.6134,2.7131,2.2161,2.6413
sub-36_T1w,2.2907,2.3547,2.6355,2.732,2.9257,2.7502,2.4876,2.3768,3.259,3.086,3.1127,2.8051,2.9541,3.2458,3.1262,3.4357,2.8526,3.0908,3.4231,3.3869,3.4838,3.1727,2.0803,2.3432,3.1573,3.3497,2.6331,2.6036,2.9039,2.8629,3.2136,2.9312,3.2087,3.3797,4.4885,4.2539,5.0966,4.6551,2.8188,2.7223,2.4083,2.4318,3.0233,3.0393,2.2868,2.4036,2.9797,3.4087,3.3233,3.0842,2.9364,3.0232,2.8603,2.8702,2.4319,2.5769,2.277,2.3331,2.7345,2.9374,2.7476,2.6509,2.8165,2.8138,3.5621,3.0294,2.8727,2.5521,3.3994,3.2226,3.5631,2.9667,2.9538,2.7346,3.0876,3.0215,3.2065,3.1611,2.4958,2.5729,2.7777,2.65,2.9526,2.8091,NaN,NaN,2.0421,2.1177,3.2142,3.0425,2.164,2.2552,2.0677,2.1796,2.5648,2.5615,3.3909,3.6061,3.5827,3.1223,3.4691,3.3793,3.1183,2.9139,2.118,2.0899,2.6364,2.5776,2.7981,2.6867,2.8048,2.8735,2.7357,2.6585,2.5135,2.3476,2.2736,2.4148,2.1723,2.3536,2.7745,2.66,2.8052,2.7882,2.739,2.2382,2.7488,2.4988,2.8971,2.1966,2.9663,3.0795,2.4633,2.456,1.9322,2.0304,2.3756,2.2074,2.7564,3.0131,2.7562,2.8464,3.1969,2.8881,2.6026,2.5797,2.8355,2.6191,2.7113,2.7851,2.1598,2.7831
sub-37_T1w,2.3155,2.2362,2.8575,2.6313,2.2835,2.4551,2.5095,2.3868,2.7815,3.0174,2.9317,3.1563,3.243,3.4941,3.6321,3.393,3.1365,3.1259,3.1851,3.437,2.5187,2.571,2.4726,2.2406,3.1573,3.21,2.6586,2.9653,2.9403,2.8273,3.2168,2.9655,3.762,3.4972,4.2611,3.9927,5.0158,4.4171,2.6203,2.7783,2.469,2.6517,2.8886,2.8122,2.7405,2.4937,2.8485,2.5541,3.0924,2.9629,3.0951,2.9714,3.0879,3.0258,2.6035,2.561,2.247,2.1896,2.4901,2.7386,2.7866,2.9202,2.7986,2.9731,3.0058,2.612,3.0891,2.9968,3.0832,3.1385,3.6777,2.8629,2.986,2.7445,2.7953,2.6531,3.2195,3.0759,3.3536,3.0613,2.9706,2.8264,2.7793,3.0644,NaN,NaN,2.0209,2.1104,3.4717,2.9868,2.2469,2.3187,2.1395,1.9747,2.6123,2.4883,3.5505,3.2001,3.474,3.354,3.2931,3.1083,3.4689,2.7681,3.0758,2.6062,2.7624,2.4376,3.2931,2.9449,3.2269,3.1149,2.7261,2.5887,2.5958,2.2568,2.3303,2.4891,2.4139,2.1914,2.5381,2.1103,2.7379,2.0912,2.5116,2.5522,2.938,2.2593,2.6275,3.2116,3.0671,2.7879,2.5467,2.5354,2.0046,1.7626,2.5342,2.5232,2.6473,2.5414,2.8845,2.9238,3.0651,2.3167,2.4051,2.7546,2.8338,2.5923,2.5998,2.5382,2.3569,2.8366
sub-38_T1w,2.6354,2.4155,2.5974,2.5399,1.7057,2.1939,2.1923,2.1525,2.9222,2.8888,2.5903,2.8184,2.8522,3.106,2.947,3.3448,2.9513,3.0907,3.172,3.343,2.8764,3.1392,2.1903,2.1809,3.4689,3.1756,3.1309,2.4444,2.8618,2.7038,2.8987,2.8725,3.1592,3.1582,4.4847,4.228,5.1284,4.3419,2.5412,2.7231,2.3337,2.4903,2.8248,2.8429,2.2854,2.3047,2.907,3.8442,3.1955,3.0404,2.8891,2.8351,2.8594,2.8634,2.4957,2.394,2.0778,2.0311,2.6078,2.7533,2.6675,2.7279,2.4785,2.5764,2.4404,3.5877,2.6995,2.89,3.2238,3.5134,4.3462,3.9089,2.765,2.8274,2.9081,3.0812,3.1825,3.3641,2.7645,2.7632,2.9071,2.6685,2.651,3.0356,NaN,NaN,2.0239,2.0482,4.3519,3.6312,2.2029,2.3495,1.975,2.1156,2.4965,2.4614,3.7809,3.5376,3.6507,3.5426,3.4017,3.3255,2.7643,2.9759,2.1778,2.3353,2.6765,2.5779,2.3966,2.6566,2.8111,2.9618,2.1402,2.5575,2.3293,2.3764,2.0408,2.1868,2.2801,2.3498,2.3722,2.5413,2.7725,2.6017,2.4093,2.4171,2.4459,2.4698,2.9055,2.3775,2.849,2.9745,2.2807,2.4544,2.0984,1.9097,2.6262,2.2897,2.828,2.8763,2.9036,2.83,2.6899,2.25,2.1991,2.5241,2.4736,2.4998,2.5011,2.7575,2.1885,3.0496
sub-39_T1w,2.6526,2.3673,2.5916,2.9034,2.4766,2.6846,2.5813,2.5427,2.9701,3.1151,3.0024,2.973,3.2025,3.2469,3.5324,3.4462,3.2096,3.4438,3.8744,3.6495,3.288,3.2837,2.2616,2.0308,3.4888,3.4298,3.6366,2.9086,3.0867,3.3502,3.2642,3.0632,3.4141,3.4153,4.5308,4.9065,5.3906,4.86,3.1189,2.9571,2.5352,2.5056,3.114,2.9179,2.5091,2.5327,4.0184,3.7041,3.7222,3.4954,3.1808,2.9562,3.133,3.1643,2.7642,2.7295,2.297,2.4785,3.1246,3.1386,2.9754,2.987,2.8192,2.7372,3.2394,3.2636,2.7931,3.1057,3.3352,3.5751,3.9205,3.7811,2.9891,3.0903,3.1606,3.0065,3.2532,3.2821,3.6369,3.3613,3.1096,2.9177,2.5728,2.8531,NaN,NaN,2.0937,2.0329,3.7906,3.0541,2.5662,2.5145,2.1139,2.3136,2.777,2.8988,3.6329,3.4308,3.7989,3.3629,3.4398,3.3742,3.1061,2.922,2.5967,2.5091,2.6685,2.6557,2.6612,2.7505,3.0761,2.9279,2.8461,2.8897,2.7374,2.5218,2.2173,2.2833,2.2835,2.6011,2.1377,2.4549,2.6872,2.8224,2.7776,2.688,2.9792,2.9213,3.0096,2.7906,3.2599,3.2839,2.5003,2.5169,2.2713,2.1771,2.4015,2.6701,3.0349,2.9011,2.8252,3.0134,2.7646,2.4993,2.9394,3.0552,2.5575,3.0842,2.8351,2.8483,2.0359,3.1697
sub-40_T1w,2.7003,2.5629,2.8365,2.6811,2.6227,2.5946,2.587,2.4556,3.0869,3.0068,2.9288,3.0657,2.933,3.3431,3.5193,3.4977,2.9961,3.0774,3.602,3.8054,3.4604,3.2285,2.5459,2.276,3.4739,3.2576,3.0539,3.1664,3.2407,3.3196,3.3415,3.3347,3.5565,3.6226,3.8016,4.276,5.1298,4.2604,2.9955,3.0167,2.7438,2.5944,3.2945,3.4514,2.8168,2.5865,4.042,4.0225,3.3938,3.3079,3.1535,3.0824,3.141,3.2143,2.7733,2.6851,2.5701,2.693,3.0945,3.2094,3.1762,3.1802,2.9241,3.0633,2.86,3.6232,3.2534,3.2181,3.6644,3.5224,4.0607,4.0754,3.059,3.1829,3.6095,3.1701,3.5713,3.2618,2.6017,2.8879,3.1413,3.0913,3.0321,3.1626,NaN,NaN,2.4317,2.374,3.8677,3.6721,2.5845,2.473,2.2021,2.3403,2.8347,2.6909,4.0273,4.2022,3.6012,3.4892,3.5184,3.2584,3.3309,3.0719,2.3394,2.4398,2.658,2.8826,2.8494,2.9049,3.1566,3.1251,3.4643,2.8425,2.7903,2.5971,2.5623,2.3896,2.4313,2.5341,2.6104,2.6336,2.8117,2.7225,2.8338,2.6811,2.9616,2.6788,2.7963,2.5661,3.2377,3.1197,2.5591,2.5839,2.1312,1.9319,2.6009,2.5522,2.7547,2.9745,3.1782,3.0987,3.1267,2.5819,3.0189,2.8077,2.8453,2.5644,2.8443,2.8645,3.0228,3.0783
sub-41_T1w,2.3821,2.2202,2.6399,2.4444,2.4711,2.6422,2.5058,2.1217,3.1204,2.9919,2.7827,2.8209,2.9319,3.0812,2.9959,3.1246,2.9152,2.888,3.5969,3.556,3.1083,3.0055,2.3902,2.3361,3.1644,2.9898,3.1336,2.6366,3.0484,2.9238,3.1107,2.9026,3.32,3.3506,3.7837,3.5937,4.2091,3.8097,2.6095,2.678,2.0748,2.3431,3.027,2.9606,2.2604,2.3399,3.1374,3.1411,3.1999,3.0289,2.9073,2.9341,2.9589,2.9654,2.6527,2.6925,2.1973,2.1381,2.8048,2.4747,2.9248,3.064,2.5051,2.5618,2.9235,3.2689,2.9824,2.9904,3.2627,3.2147,3.4992,3.5018,2.8584,2.7678,2.7763,2.9141,3.2447,3.1996,2.9595,2.7098,3.4026,2.8738,2.7181,2.9382,NaN,NaN,1.9955,2.0292,2.9726,3.3226,2.3908,2.4095,2.076,1.9022,2.4723,2.548,3.3655,3.0902,3.2692,3.2431,3.1889,3.0887,2.801,3.0816,2.1215,2.0981,2.6221,2.5816,2.6331,2.5742,2.9064,2.9667,2.7615,2.739,2.5061,2.5087,2.0681,2.3635,2.2747,2.1775,2.2271,2.5383,2.5696,2.6921,2.4208,2.3709,2.7537,3.0384,2.2026,2.6236,2.8071,2.7618,2.4257,2.4256,1.9279,2.3065,2.491,2.3629,2.9635,2.9171,2.8614,2.8017,2.6991,2.5822,2.4498,2.7903,2.411,2.4782,2.4292,2.773,2.3146,2.5426
sub-42_T1w,2.6804,2.6554,3.0332,3.0144,2.7049,3.1306,2.6594,2.4311,3.0088,3.0423,3.2569,3.1609,3.4504,3.0368,3.3762,3.3345,3.2611,3.1878,3.4358,3.5024,3.2328,2.6644,2.3351,2.4039,3.2552,3.0907,3.1398,2.8603,3.1656,3.0707,3.3293,3.3539,3.6473,3.5736,4.8543,4.6867,5.1213,4.9555,3.1895,2.9813,2.5765,2.6194,3.3566,3.2363,2.6267,2.605,3.9117,3.8785,3.468,3.496,3.1798,3.0431,3.3046,3.1224,2.8781,2.7841,2.3393,2.4959,2.8026,2.9506,3.164,3.2064,2.7616,2.7947,2.6219,2.1782,3.355,3.08,3.5512,3.6,4.3502,3.987,3.1172,2.9012,3.2957,3.2257,3.5844,3.3027,2.9381,2.8597,3.0747,2.8784,2.6571,2.9916,NaN,NaN,2.1306,2.3557,3.9869,3.7242,2.4788,2.2768,2.1537,2.2205,2.9062,2.6367,3.8293,3.5165,3.6531,3.4701,3.2938,3.1608,2.886,3.0658,2.2688,2.2324,2.6073,2.7119,2.781,2.8972,2.9556,2.9371,3.2382,2.6238,2.6168,2.4552,2.4781,2.3534,2.4542,2.3587,2.3496,2.5896,2.4901,3.0018,2.6357,2.7525,2.9143,2.8452,3.1069,2.7714,3.0282,2.9495,2.6267,2.4754,2.0795,1.8721,2.5717,2.5236,2.86,2.9786,3.0932,2.7697,2.8821,2.3939,2.9405,2.7709,2.5537,2.6211,2.9697,2.7685,3.0933,3.0102
sub-43_T1w,2.3652,2.446,2.7386,2.6762,2.7284,2.7081,2.3944,2.6722,3.0259,2.9977,2.8747,2.8009,3.0365,3.3407,3.1933,3.3262,2.9476,3.2689,3.4833,3.5632,3.0594,3.0429,2.1834,2.3842,3.2927,3.1793,2.8223,2.9691,3.0696,3.1331,3.0242,2.9816,3.4769,3.4193,4.2702,4.3803,4.9085,4.1057,2.9386,2.9315,2.4153,2.6794,3.0157,2.9585,2.4322,2.4292,3.5038,3.6371,3.4257,3.2594,3.1906,3.223,3.1799,3.1131,2.7117,2.8147,2.7459,2.7889,2.846,3.1937,2.9496,3.0739,2.7341,2.8006,4.1895,3.0575,2.9399,2.8717,3.4111,3.2446,3.4159,3.3674,3.0546,2.8209,3.2544,3.2334,3.346,3.4049,3.2284,3.1501,2.8662,2.9522,2.6849,2.8788,NaN,NaN,2.06,2.1429,3.5909,3.4289,2.224,2.2708,2.0491,2.3272,2.6669,2.9245,3.6662,3.0051,3.5031,3.4979,3.0597,3.3231,3.2005,3.0766,2.058,2.4258,2.6839,2.6472,2.8134,2.6806,3.0089,3.0078,3.149,3.275,2.5964,2.6149,2.0027,2.3464,2.3007,2.3298,2.4245,2.5346,2.603,3.1076,2.6002,2.6201,2.5307,2.7473,2.3607,2.6708,3.2931,2.8765,2.5232,2.5743,2.0196,2.1334,2.7725,2.7931,2.8923,2.7162,2.8053,3.0709,3.2294,2.5824,2.8264,2.7225,2.8891,2.8933,2.5156,2.8196,2.4349,2.9975
sub-44_T1w,2.6026,2.6881,2.6705,2.4433,2.5101,2.4695,2.4268,2.1844,2.9247,2.8017,3.1291,2.5793,3.2358,2.9317,3.0523,2.873,2.911,3.0025,3.4212,3.4756,3.5424,2.811,2.1096,2.0701,3.2266,3.1815,3.0615,2.7801,3.0559,2.7847,3.0011,2.9713,3.1977,3.1908,4.4514,4.0845,5.046,4.4077,2.6107,2.7585,2.2968,2.4756,2.9367,2.864,2.3482,2.4506,3.5988,3.4622,3.2675,3.0135,2.7215,2.7772,2.8164,2.9998,2.5683,2.4436,2.3698,2.1554,2.8293,2.8718,2.7061,2.7362,2.5562,2.2664,3.1284,2.3793,2.9898,2.9546,3.2534,3.2226,4.1704,3.6844,2.7908,2.7558,3.0889,2.8336,3.3027,3.1095,2.5807,2.8593,2.8132,2.7622,2.5602,2.82,NaN,NaN,2.061,2.0889,3.6362,3.3107,2.2762,2.2273,1.97,2.0851,2.5277,2.6254,3.4039,3.4407,3.6032,3.3005,3.1908,2.9859,3.1701,2.9722,2.5286,1.9997,2.6424,2.6696,2.7048,2.697,2.7801,2.8133,2.4358,2.7634,2.3757,2.3091,1.9979,2.2459,2.2362,2.2016,2.3901,2.2524,2.4767,2.5182,2.5573,2.439,2.7313,2.5953,2.6825,2.9067,3.1753,3.0965,2.3852,2.2805,2.3122,1.9353,2.5581,2.2016,2.6485,2.7442,2.7999,2.8685,2.4456,2.6343,2.3973,2.4177,2.6055,2.5721,2.6989,2.671,2.8177,2.8363
sub-45_T1w,2.2957,2.4595,2.6757,2.7702,2.1958,2.5575,2.5272,2.7109,3.0453,3.0126,3.2247,2.9611,3.0832,3.1074,3.0407,3.1207,2.7209,2.8807,3.0897,3.0316,2.6903,3.0053,2.2298,2.2863,3.472,3.2198,3.4387,2.8065,3.0153,2.906,3.0535,3.2231,3.4078,3.4925,4.5452,4.1163,5.0358,4.8641,2.6781,2.8062,2.421,2.3347,2.9441,2.9222,2.482,2.59,3.2221,3.3029,3.5471,3.214,2.968,3.1883,3.0208,3.2189,2.5916,2.7773,2.5287,2.4509,3.041,3.112,2.8471,2.7609,2.6947,2.4841,3.0409,2.8216,3.0305,3.0459,3.5047,3.3031,3.7628,3.8516,2.7403,2.8065,2.8029,3.0886,2.8326,3.415,2.8604,2.827,3.2164,2.9593,2.7483,2.9227,NaN,NaN,1.9819,2.0927,3.7087,3.3631,2.3921,2.2895,2.2539,2.1402,2.5283,2.39,3.8922,3.5005,3.7252,3.2503,3.3959,3.429,2.8245,2.987,2.2164,1.8445,2.6182,2.6341,2.5516,2.8396,2.8792,3.0278,2.9716,2.8209,2.4053,2.4836,2.51,2.2852,2.1061,2.1089,2.1819,2.2565,2.7105,2.6714,2.5269,2.5295,2.7289,2.6077,2.6137,2.4353,3.3995,3.3596,2.603,2.5707,1.5535,1.6804,2.5821,2.307,2.849,2.9144,2.606,2.9577,3.0228,2.114,2.6247,2.7056,2.2384,2.5439,2.7113,2.8341,2.6323,2.8153
sub-46_T1w,2.623,2.4932,2.8683,2.5771,2.3174,2.5905,2.649,2.6036,3.0899,2.9127,3.01,2.7123,3.1431,3.0809,3.1027,3.3935,3.0593,2.9626,3.4872,3.5555,3.2681,3.0255,2.2736,2.2252,3.3817,3.2121,3.1671,2.9197,3.1929,2.963,3.1,2.9667,3.3622,3.3911,4.8442,4.862,5.1347,3.8956,2.7118,2.8443,2.3541,2.588,2.7855,3.0224,2.4325,2.7333,3.5257,3.5038,3.2406,3.3188,3.0519,2.8638,3.1314,2.9402,2.6729,2.5851,2.4355,2.4553,2.9173,2.9849,2.887,3.0038,2.9609,2.9241,3.661,3.7577,3.0371,2.8024,3.32,3.2514,3.5994,3.6676,3.0462,2.8849,2.9706,2.6838,3.564,3.2287,2.6404,2.9226,3.2781,2.76,2.8267,2.9005,NaN,NaN,2.1557,2.1468,3.3929,3.1456,2.2931,2.2032,2.1662,2.1559,2.6841,2.7766,3.631,3.0425,3.544,3.4966,3.4834,3.1289,3.4106,3.0387,2.3208,2.3311,2.5758,2.7597,2.7905,2.7842,2.8239,2.8882,3.3956,2.9573,2.1875,2.3781,2.1928,2.1832,1.9974,2.0483,2.2824,2.5273,2.3799,2.6935,2.7726,2.4183,2.9422,2.6748,2.7723,2.6191,2.8687,3.3496,2.6436,2.7828,1.9609,1.9743,2.6487,2.4713,2.8874,2.7648,2.7891,2.8479,2.6959,3.0901,2.7283,2.8988,2.6495,2.643,2.5998,2.7011,2.1738,2.794
sub-47_T1w,2.4487,2.3402,2.7621,2.8526,2.7607,2.7404,2.6764,2.3469,3.1194,3.0424,3.0355,2.8629,3.3041,3.0783,3.3669,3.4266,3.1696,3.259,3.6976,3.6623,3.2481,2.9002,2.2567,2.1445,3.4174,3.2898,3.3611,2.9313,3.1488,2.9863,3.3554,3.0355,3.4816,3.4347,4.1681,3.9373,4.9722,3.9699,2.911,2.9641,2.443,2.5391,3.4462,3.0253,2.3644,2.2411,3.5793,3.224,3.2525,2.9431,3.0692,3.1369,3.1074,3.1436,2.7294,2.6834,2.4393,2.2734,3.0398,2.973,3.0086,2.8948,2.9446,2.7203,2.3239,2.3087,2.8809,2.7327,3.5708,3.4854,3.6153,3.3673,3.212,3.1413,2.9883,3.0539,3.5672,3.3081,2.6637,2.8601,2.997,2.3524,2.6661,3.087,NaN,NaN,2.1078,2.2339,3.3325,3.0389,2.2375,2.2677,2.2411,2.2056,2.8105,2.5878,3.7524,3.5873,3.6996,3.4972,3.372,3.2364,2.8642,2.8382,2.2816,2.7682,2.7234,2.7074,2.8151,2.7621,3.1979,3.0632,2.5676,2.518,2.6293,2.5619,2.119,2.1951,2.395,2.2585,2.5223,2.3388,3.3258,3.012,2.5757,2.2117,2.8138,2.5522,2.7716,2.3803,3.4377,3.1468,2.5686,2.4401,2.3819,1.8646,2.5883,2.3251,2.8423,3.0097,2.8851,2.9302,2.4997,2.5639,2.6766,2.8458,2.8562,2.4148,2.9418,2.9436,2.8735,2.9374
sub-50_T1w,2.5118,2.3807,2.6754,2.7052,2.2536,2.5313,2.6718,2.6693,2.8902,2.7711,2.764,2.8127,2.9276,2.8708,3.008,3.2186,2.8608,3.1553,3.3733,3.2298,3.1898,3.1149,2.0951,2.2262,3.3084,3.1791,2.9165,3.1818,3.279,3.0831,3.1759,3.0286,3.2542,3.3431,3.9066,3.869,4.9161,4.9123,2.8109,2.7751,2.2512,2.6045,2.8984,2.8957,2.2161,2.3882,3.1741,3.1813,3.2989,3.2533,2.9178,2.8061,2.954,2.8919,2.4988,2.5005,2.6213,2.3712,2.8138,3.089,2.6548,2.8497,2.5178,2.513,2.845,2.4369,2.9109,2.8082,3.4016,3.3071,3.8328,3.3043,3.1294,2.7441,2.8775,2.8713,3.4781,3.1698,2.9973,2.8102,2.9942,2.8962,2.674,2.9151,NaN,NaN,1.8119,2.0443,3.2969,2.8579,2.5204,2.3711,2.1926,2.2639,2.4687,2.698,3.3422,3.2098,3.3332,3.0603,3.2299,3.2557,2.8648,2.7502,2.2424,2.1656,2.8775,2.8453,2.8439,2.577,3.0017,2.981,2.3778,2.7019,2.3693,2.4899,2.4093,2.4646,2.2636,2.4971,2.4479,2.4527,2.4171,2.3699,2.5291,2.5892,3.0267,2.7775,2.5329,2.3839,2.9494,3.0947,2.5569,2.5391,2.0063,2.4338,2.4997,2.4286,3.0841,2.9003,2.709,2.8884,2.5802,2.7823,2.5241,2.7059,2.8434,2.7626,2.7938,2.8476,3.1134,2.8184
sub-51_T1w,2.5012,2.5602,2.7912,2.7717,2.4634,2.7014,2.7424,2.6749,3.126,2.8546,2.9138,2.8405,3.1169,3.1072,3.2172,3.1747,3.0082,2.9519,3.4173,3.6359,2.972,2.6788,2.239,2.4307,3.2643,3.1758,3.1724,3.0495,2.9835,2.8854,3.0903,2.9964,3.3343,3.3653,4.8341,4.6367,4.9587,4.3593,2.7279,3.0323,2.567,2.6671,3.1065,2.8365,2.4768,2.5529,2.9338,3.041,3.2738,3.2663,3.0488,2.9408,3.2005,3.0738,2.6985,2.6843,2.5544,2.4797,3.0932,3.0978,2.9019,2.9525,2.6914,2.7622,2.474,3.1403,2.9585,2.9235,3.5264,3.281,3.3474,3.7779,3.0829,2.7395,3.139,3.1305,3.2911,3.171,3.2164,2.9288,3.2414,3.0643,2.8906,2.7518,NaN,NaN,2.1492,2.2351,3.8179,3.406,2.3762,2.2872,2.2991,2.3445,2.8055,2.5105,3.4403,3.5773,3.5891,3.424,3.2358,3.2736,3.2959,3.1896,2.5998,2.3332,2.7378,2.6161,2.9594,2.8738,3.1504,3.0701,2.8366,2.9052,2.5695,2.5982,2.2396,2.1393,2.2372,2.2205,2.0926,2.2443,2.8244,2.8688,2.7817,2.4453,3.0585,2.894,3.2394,2.9053,3.2241,3.1549,2.4658,2.5571,2.0199,2.003,2.7526,2.4206,2.9312,2.8216,2.9338,2.9172,2.8747,2.5569,2.6388,2.7521,2.8337,2.4734,2.6436,2.6279,2.7225,2.8946
sub-53_T1w,2.4646,2.5042,2.619,2.3642,3.009,2.5264,2.2294,2.067,2.9991,3.0105,2.9378,2.9086,3.0441,2.8833,3.2735,3.1622,2.9457,2.9684,3.2774,3.7065,2.9312,3.1008,2.2858,2.2325,3.3518,3.1946,3.3218,3.2061,3.0788,3.0866,3.0771,2.9932,3.4014,3.3548,4.2549,3.9064,4.3979,4.2094,2.9227,2.6546,2.4736,2.5983,3.0756,2.9424,2.4827,2.4585,3.3955,3.5408,3.2074,3.1438,2.9567,2.9535,3.1476,3.0781,2.5241,2.5315,2.0158,2.4524,2.5667,2.927,2.7883,2.9963,2.6948,2.4555,2.8796,2.3182,3.2281,3.0971,3.2777,3.3527,3.4696,3.5658,3.1137,2.9741,2.814,2.9606,3.3816,3.2682,2.6065,2.9569,3.16,2.6694,2.565,2.8026,NaN,NaN,2.1228,2.2311,3.085,2.786,2.2618,2.2438,2.071,2.1886,2.4726,2.5724,3.6501,3.2839,3.6746,3.3995,3.1878,2.8882,2.859,2.7362,2.3601,2.3342,2.5862,2.6453,2.4516,2.7438,2.8507,2.9697,2.4702,3.0731,2.3545,2.3812,2.1586,2.2419,2.2321,2.3591,2.3687,2.1541,3.1234,2.3501,2.4702,2.4631,2.7498,3.0464,2.1809,2.2181,3.2149,3.2419,2.4394,2.4242,1.8766,1.8196,2.5264,2.4952,2.769,2.703,2.9208,2.743,2.3687,2.7204,2.5696,2.6013,2.7403,2.4947,2.7743,2.8111,3.0154,3.232
sub-54_T1w,2.4764,2.462,2.5503,2.7326,2.2073,2.4213,2.1781,1.857,2.995,2.8489,2.6618,2.6644,3.1202,3.2008,3.2069,3.0704,2.8665,2.8239,3.073,3.4558,2.8428,3.2034,2.1554,2.1897,3.2305,3.4097,3.0587,2.8654,2.866,2.8501,2.9172,2.9158,3.2085,3.0334,4.3561,4.4613,5.1167,5.1235,2.5902,2.7682,2.2229,2.3609,3.0427,3.1976,2.4173,2.3543,3.7596,3.927,2.9752,3.4313,2.8789,2.8333,3.0011,2.8881,2.4601,2.3835,1.9923,1.9011,2.6285,2.534,2.824,2.855,2.699,2.7542,2.9328,3.6258,2.9448,2.9505,3.2032,3.2307,3.891,3.7576,2.9806,3.0532,2.938,2.8073,3.2538,3.318,3.2481,2.7554,3.175,2.788,3.1097,2.7868,NaN,NaN,1.7185,1.8788,3.5882,3.3172,2.1972,2.1931,1.982,1.9243,2.6913,2.5338,3.5221,3.6713,3.651,3.6275,3.2771,3.3936,2.9039,3.2351,1.8563,2.2331,2.6003,2.5941,2.8358,2.544,2.9345,2.8412,2.7177,2.7991,2.5483,2.3652,2.1224,2.3577,2.349,2.2599,2.5619,2.3113,2.6911,3.0626,2.5557,2.7069,2.45,2.7348,2.4925,2.9645,3.1308,3.1055,2.2798,2.4193,1.9859,1.8721,2.5207,2.3306,2.7925,2.9913,2.6177,2.8092,3.1485,2.6651,2.4457,2.5068,2.8429,2.6569,2.7841,2.7975,2.5865,2.7428
sub-55_T1w,2.2186,2.3672,2.7077,2.6625,2.3656,2.7055,2.3279,2.1086,3.1176,2.8229,2.7237,3.041,3.1703,2.9407,3.1862,2.9815,2.9603,2.8292,3.0469,3.4384,3.0013,2.7937,2.126,2.1513,3.3781,2.9566,2.9855,2.6485,2.9929,2.895,3.0656,3.0039,3.3118,3.2393,3.369,3.9844,4.0423,4.2285,2.6103,2.8199,2.2277,2.3945,3.0759,2.9139,2.3904,2.4224,3.5025,3.7377,3.1707,3.0428,2.9271,2.8603,3.0461,3.0547,2.4992,2.6634,2.21,2.2639,2.8391,2.8787,2.7467,2.8324,2.7169,2.5577,3.4775,2.5425,2.9749,2.6264,3.3754,3.5508,3.6486,4.429,2.9313,2.8321,3.4293,3.0137,3.4565,3.2992,2.4399,2.698,2.8604,2.9124,2.7671,2.7364,NaN,NaN,1.9037,2.1984,3.8553,4.0421,2.1693,1.9941,2.0994,2.1883,2.4626,2.6473,3.4083,3.2079,3.195,3.3898,3.2885,3.0903,3.0857,2.8638,2.5653,2.4513,2.4885,2.6411,2.711,2.5596,2.958,2.8732,2.4673,2.8369,2.4228,2.537,2.098,2.3419,2.3329,2.3993,2.1632,2.59,2.5763,2.8765,2.6102,2.5511,2.7895,2.7145,2.7455,2.2322,2.9881,2.8669,2.4472,2.4826,2.018,1.7567,2.4215,2.4891,2.5615,2.9058,3.0083,2.7841,2.6852,2.5517,2.6466,2.57,2.7965,2.4042,2.7302,2.7027,3.0691,2.6432
sub-57_T1w,2.3571,2.2448,2.2968,2.1663,2.1098,2.8453,2.5617,2.5003,2.8013,2.6544,2.5314,2.7114,3.2392,2.8737,3.0685,3.1668,3.1993,3.1398,3.5708,3.7786,2.7073,3.1311,2.0788,2.0404,3.3323,3.1035,3.0104,2.5448,2.7882,2.5871,2.8351,2.6365,3.1309,3.0781,3.8026,4.019,4.1307,3.7343,2.6694,2.9235,2.5276,2.5859,2.8212,3.0379,2.4596,2.466,3.0238,3.1733,2.6423,2.4335,2.6809,2.5439,2.779,2.6345,2.5461,2.3918,2.1638,2.181,2.5994,2.573,2.6971,2.888,2.9809,2.5296,3.2888,4.1823,3.3347,3.0131,3.1264,3.1584,3.5982,3.2064,2.6597,2.8479,2.8855,2.9452,2.9202,2.8245,2.5951,2.728,2.9281,2.611,2.6668,2.9236,NaN,NaN,2.1377,2.1639,2.6941,2.8971,2.3721,2.5044,2.0122,2.0057,2.6224,2.5196,3.654,3.0317,3.5063,3.4526,3.2484,3.2766,2.8792,2.8631,2.0167,2.2018,2.4738,2.6454,2.6399,2.5694,2.8103,2.7678,3.0415,2.6655,2.5353,2.5705,2.2913,2.4607,2.3171,2.4303,2.1507,2.7111,2.6175,2.7471,2.385,2.5847,2.4764,3.0102,2.1493,2.1255,2.688,2.4575,2.5508,2.4123,2.3119,1.7845,2.3742,2.2128,2.6853,2.7268,2.7417,2.8224,2.6841,2.6621,2.5601,2.5686,2.5614,2.3588,2.5529,2.5891,2.2852,2.9985
sub-59_T1w,2.6074,2.6032,2.6681,2.7075,2.2634,2.4518,2.5233,2.7375,2.9136,3.0225,2.5654,2.5328,3.0724,2.9694,2.8609,3.0943,2.8027,2.9573,3.2677,3.207,2.5477,2.5222,2.3161,2.2267,3.3422,3.1482,2.9496,2.8917,2.8854,2.9273,2.8937,2.8316,3.1262,3.0925,4.2506,3.8663,4.7411,4.5116,2.8305,2.7146,2.3697,2.4544,2.9482,2.8018,2.3352,2.4678,2.9155,3.7489,3.0719,2.8898,2.6118,2.8208,2.7711,2.8885,2.6582,2.5859,2.3657,2.3805,2.9536,2.8937,2.7873,2.8161,2.4711,2.5976,2.4451,2.1137,2.9208,2.8509,3.2283,3.1753,3.2539,3.1879,2.7328,2.741,3.1059,2.975,3.2602,3.1446,2.6947,2.7442,2.9811,2.896,2.4612,2.8687,NaN,NaN,2.104,2.1283,3.6409,3.374,2.2503,2.338,2.1289,2.1667,2.5615,2.6157,3.7184,3.6244,3.4228,3.0822,3.4211,3.1101,3.1198,2.7261,2.6204,2.2248,2.5224,2.4311,2.5267,2.4803,3.01,2.6926,2.6614,2.3551,2.3326,2.4423,2.3019,2.179,2.2883,2.2799,2.1964,2.3245,2.4964,2.5435,2.3988,2.2323,2.7649,2.8326,3.2137,2.6128,2.7724,2.7084,2.2663,2.2359,1.8709,2.1433,2.5136,2.4474,2.7742,2.7801,2.6907,2.7988,2.5859,2.5662,2.3341,2.5778,2.5653,2.4611,2.6455,2.8011,2.2399,2.4431
sub-61_T1w,2.7292,2.5767,2.92,2.6691,2.8242,2.7794,2.6766,2.4102,3.1931,3.0068,3.0073,2.8899,3.5095,3.3052,3.1188,3.3471,3.0491,3.1803,3.4225,3.6394,3.5501,3.3679,2.2735,2.308,3.6575,3.137,3.1001,2.9635,3.1145,2.9779,3.3682,3.0032,3.5814,3.442,4.2891,4.0354,5.5385,4.7019,2.8827,2.8984,2.4095,2.5433,3.4869,3.4317,2.6225,2.7362,3.8606,4.0276,2.9735,3.2409,3.0077,3.0344,3.1858,3.1571,2.7808,2.6064,2.6381,2.7276,3.1986,3.1335,2.988,3.0836,3.0694,3.0371,3.5553,3.5922,3.2296,3.4386,3.67,3.5871,3.5963,3.8007,3.3926,3.0339,3.3954,2.967,3.668,3.4408,3.1612,2.9288,3.2063,3.1635,2.7709,3.0927,NaN,NaN,2.026,2.1474,3.3085,3.8944,2.5238,2.3798,2.2909,2.3136,2.5122,2.6684,4.0504,3.5815,3.645,3.697,3.7816,3.4985,3.2517,3.1777,2.3783,2.511,2.8461,2.6965,2.8255,2.7199,3.0199,3.0786,2.4136,2.9722,2.4783,2.5395,2.1363,2.2264,2.523,2.4159,2.7183,2.7168,2.6105,2.7058,2.8301,2.8848,2.6739,3.2226,2.6195,2.7122,2.9915,3.1733,2.5311,2.4173,2.2277,2.4633,2.6263,2.5677,2.9828,2.8743,2.8205,2.8739,2.9444,2.6794,2.5571,2.6863,2.9071,2.6454,2.8406,2.887,2.9909,3.1264
sub-62_T1w,2.3545,2.3603,2.6797,2.6665,2.6314,2.511,2.5614,2.2869,2.7441,2.586,2.7944,2.9082,3.1002,3.0727,3.1076,3.0945,3.0194,2.9227,3.2398,3.3324,3.0237,3.027,2.062,2.2345,3.2729,3.0618,3.2495,2.8694,3.1349,2.9025,3.049,2.923,3.4455,3.2761,4.3811,3.5892,4.459,3.8518,2.7361,2.7512,2.2583,2.2677,2.8411,3.0505,2.2843,2.344,3.4857,2.9983,3.0366,3.1027,2.8384,2.9944,3.0014,3.0037,2.6486,2.595,2.2501,2.2947,3.0294,3.091,2.873,2.8026,2.5626,2.6387,2.9448,3.1498,2.828,2.7443,3.1985,3.3219,3.9492,3.7964,2.8189,2.7319,3.0677,3.0356,3.1011,3.3157,2.7929,2.7098,2.9005,2.6788,2.513,2.6809,NaN,NaN,1.9727,1.9407,3.713,3.8066,2.176,2.21,2.1403,2.2205,2.5198,2.495,3.2876,3.0606,3.4646,3.2324,2.987,3.0363,3.0236,2.7298,2.6162,1.7676,2.52,2.6009,2.4626,2.7485,3.065,2.8519,2.5605,2.681,2.3429,2.4498,2.1643,2.2364,2.1809,2.2015,2.212,2.5079,2.1426,2.5883,2.2945,2.4645,2.9781,2.7721,2.3456,2.3913,3.1293,2.8541,2.4172,2.4293,2.0512,1.7386,2.4167,2.2706,2.9796,2.9313,2.8027,2.8518,3.1596,2.4873,2.6732,2.5709,2.4807,2.604,2.7102,2.6929,2.0971,2.7022
sub-92_T1w,2.3235,2.4161,2.9761,2.8047,2.5384,2.3746,2.7145,2.7359,3.0825,2.9623,2.8187,2.75,3.2815,3.2375,3.2919,3.1891,2.9829,3.1426,3.5149,3.6621,2.8472,3.0814,2.2474,2.4928,3.2038,3.2367,3.059,3.1776,2.9948,3.076,3.0837,3.0875,3.3707,3.2571,4.7665,4.2518,5.3806,4.5678,2.552,2.7956,2.3955,2.4369,2.9267,2.8618,2.4545,2.4427,2.7912,3.3172,3.4875,3.2577,3.0283,2.9077,3.101,3.0541,2.6058,2.648,2.6666,2.5678,3.2219,3.1353,2.932,2.8665,2.9788,2.8781,3.2776,3.7728,3.1949,3.3114,3.3568,3.2517,4.205,3.6825,2.9516,2.9714,2.8493,2.8296,3.2306,3.2072,2.824,2.8257,3.1112,3.2399,2.7821,3.1247,NaN,NaN,2.0826,2.1181,3.5424,3.336,2.4499,2.6311,2.3542,2.412,2.8079,2.8827,4.0772,3.8271,3.7211,3.6715,3.3311,3.4966,3.0436,3.0404,2.416,2.3396,2.7336,2.7083,2.7851,2.6583,3.0214,3.0298,2.6876,2.665,2.456,2.588,2.2441,2.2475,2.3878,2.5436,2.4313,2.6221,2.4472,3.3657,2.5764,2.53,2.853,2.8931,2.838,2.722,2.9496,3.1683,2.6447,2.7218,1.8567,2.0258,2.5848,2.6089,2.8693,2.7273,3.018,2.9151,2.7043,2.5097,2.8144,2.729,2.7734,2.4277,2.7621,2.8812,2.9169,2.9936
sub-93_T1w,2.4329,2.6614,2.7999,2.8351,2.541,2.5575,2.7366,2.7452,3.0574,3.098,2.958,2.8136,3.0488,2.9772,3.0385,3.2353,2.9552,3.1147,3.6426,3.5414,2.9071,2.8749,2.3291,2.3763,3.1911,3.4001,2.9124,3.346,3.0071,3.0811,2.9838,3.0268,3.3136,3.2903,4.2482,4.3457,3.9687,4.2665,2.8223,2.9527,2.4224,2.5075,3.1188,3.1126,2.5671,2.7541,3.1256,3.7319,3.0309,3.3749,2.8858,3.0921,2.9874,3.0472,2.6558,2.7549,2.5671,2.6229,3.1492,3.0666,2.9302,3.0167,2.8075,2.7328,2.9454,2.9799,2.9561,3.0155,3.2449,3.2158,2.7866,3.5588,2.8184,2.8447,3.2062,3.0825,3.2762,3.2849,2.8115,2.6478,3.1377,2.8835,2.8096,3.1226,NaN,NaN,2.0783,2.1992,3.0651,3.1316,2.4111,2.394,2.3133,2.2858,2.7841,2.7852,3.5182,3.3489,3.7673,3.4871,3.1325,2.9936,3.0222,3.3129,2.0861,2.1052,2.5841,2.6709,2.8309,2.6259,3.114,3.0517,3.1937,2.801,2.5036,2.4725,2.2585,2.4479,2.3893,2.3248,2.2355,2.1537,2.6457,2.5635,2.5657,2.6253,2.7564,2.8821,3.023,2.5636,2.9149,3.4739,2.4553,2.5675,2.0647,1.7112,2.7044,2.5372,2.9517,2.7171,2.8687,2.7683,2.6955,3.0929,2.8042,2.7188,2.5328,2.6347,2.6297,2.7334,3.0111,3.0656
sub-95_T1w,2.5124,2.2752,2.3726,2.5892,2.4321,2.5469,2.405,2.3091,2.91,2.9352,2.7015,2.7349,2.8563,2.9777,3.054,3.1417,2.8792,3.0291,3.1825,3.4478,3.3282,2.9269,2.1812,2.2134,3.155,3.2236,3.2017,2.6827,2.8827,2.6458,2.8414,2.9305,3.1625,3.0799,4.0105,3.5045,4.6593,3.9906,2.6272,2.7557,2.1951,2.371,2.8337,3.005,2.3416,2.386,3.4175,3.5562,3.1435,3.215,2.6958,2.7364,2.9806,2.9442,2.577,2.5706,2.2582,2.3704,3.0284,2.923,2.8894,2.7643,2.642,2.6066,2.0598,3.032,2.9954,3.0549,3.2483,3.0899,3.3379,3.8239,2.6734,2.7183,2.9402,2.8486,3.0269,2.9846,2.6289,2.728,3.0253,2.6165,2.9164,2.8083,NaN,NaN,1.9251,2.1946,3.4283,3.2831,2.2971,2.3574,2.2078,2.2543,2.5139,2.535,3.7325,3.6011,3.5085,3.4863,3.1861,3.0583,3.2048,3.2785,2.1575,2.3458,2.4669,2.6274,2.527,2.6721,2.7062,2.8779,2.243,2.4446,2.3172,2.2661,2.0193,2.054,2.1191,2.0795,2.1448,1.9826,2.5266,2.6134,2.787,2.4809,2.6152,2.5649,2.5739,2.455,2.8763,2.9828,2.3055,2.3908,2.0219,1.9072,2.3629,2.2445,2.6199,2.7851,2.8413,2.8624,2.7007,2.3147,2.5977,2.524,2.3846,2.3702,2.3852,2.4874,2.7432,2.8747
sub-96_T1w,2.4991,2.4754,2.7351,2.4949,2.7364,2.6076,2.6314,2.5369,3.2234,3.0331,2.6839,2.8064,3.1342,3.0967,3.1217,3.0542,2.7584,2.9936,3.5973,3.7216,3.0342,3.3824,2.4306,2.3819,3.2115,3.1662,3.1207,3.3591,3.0323,2.9862,3.1888,3.0201,3.428,3.4189,4.5129,4.2429,4.5355,4.7085,2.7874,2.8692,2.5249,2.6712,3.0517,3.256,2.4956,2.7087,3.1002,3.6725,3.2576,3.2556,2.7982,3.0432,3.1542,3.1234,2.7419,2.6988,2.4608,2.5852,3.2043,3.0775,3.1032,3.1675,2.6388,2.5348,2.4105,2.6834,3.2373,3.0787,3.4853,3.4778,3.8396,3.5443,2.8981,3.052,3.1129,3.0745,3.1593,3.374,2.2418,2.9942,3.0468,3.1017,2.7598,3.0278,NaN,NaN,2.1233,2.1454,3.0375,3.0445,2.3146,2.2898,2.3199,2.2825,2.753,2.6564,3.3706,3.3562,3.284,3.4003,3.3628,3.4082,3.1974,2.7946,2.6244,2.6987,2.7879,2.787,2.8314,2.7172,2.9229,2.9375,2.9343,2.9587,2.5976,2.4171,2.2082,2.3012,2.3835,2.4699,2.646,2.2621,2.6639,2.7058,2.3669,2.5748,2.6345,2.6739,2.3723,2.416,3.1051,3.1505,2.7274,2.4886,2.0193,2.0119,2.5012,2.6921,3.0344,2.9897,2.9911,2.8144,2.7085,2.295,2.6057,2.9154,2.3566,2.8674,2.7549,2.8697,2.7075,3.1235
sub-97_T1w,2.3821,2.4045,2.572,2.5813,2.5793,2.6322,2.2256,2.4221,3.0966,2.8639,2.65,2.7388,3.2182,3.1537,3.0091,3.4167,2.8556,3.1097,3.5034,3.4682,2.6385,3.0251,2.1911,2.2204,3.2581,3.058,3.2532,2.9579,3.0251,2.9813,3.1548,2.9232,3.1937,3.3855,4.4195,4.7875,5.2591,4.3858,2.6498,2.9546,2.1568,2.352,3.0302,3.1124,2.2065,2.4242,3.4534,3.8343,3.3418,2.9892,2.906,2.9008,3.0043,2.9877,2.5456,2.5327,2.1375,2.0253,2.9689,2.8864,2.7831,2.9645,2.8879,2.9039,2.9614,3.2269,2.9624,2.6688,3.2306,3.3086,3.8518,4.0336,2.8476,2.7417,2.9877,2.9886,3.343,3.1581,2.7097,2.7853,3.4485,3.2544,2.7931,2.9267,NaN,NaN,2.054,2.2404,3.5035,3.2955,2.3296,2.2794,2.2618,2.1812,2.8444,2.63,3.6199,3.5327,3.6068,3.2406,3.2677,3.2271,3.1328,3.3771,2.0552,2.1416,2.8439,2.6759,2.6992,2.7895,3.0644,3.1113,2.4766,2.6532,2.4059,2.3839,2.2107,2.5076,2.4016,2.4229,2.5464,2.4347,2.8024,3.6636,2.2938,2.6568,2.6606,2.7729,2.2924,2.5,3.2084,3.1739,2.6423,2.6844,1.7104,2.1253,2.5292,2.3562,2.9255,2.708,3.0668,2.8447,2.6993,2.9348,2.6048,2.7923,2.5744,2.3552,2.6787,2.6292,2.6117,2.8966
sub-100_T1w,2.5076,2.7061,2.7572,2.8857,2.5066,2.8324,2.7855,2.1636,3.0952,2.9719,2.8623,2.8871,3.4658,3.2313,3.3736,3.33,3.3297,3.2083,3.7494,3.8439,3.1381,2.86,2.4567,2.5147,3.473,3.6216,2.9488,3.1289,3.2327,3.1279,3.3467,3.0405,3.4112,3.3649,4.5379,4.9748,5.447,4.657,2.7367,2.9957,2.3043,2.5636,3.1991,3.2563,2.6452,2.714,3.4508,3.5918,3.4933,3.2835,2.9902,3.1034,3.1367,3.0773,2.8422,2.8565,2.3314,2.4364,3.2664,3.1591,2.9755,3.0391,2.8361,2.6341,4.8786,3.1052,3.235,3.2887,3.394,3.3667,3.8607,3.7286,3.0045,3.1439,3.3419,3.3337,3.2021,3.3953,3.181,3.323,3.7744,2.7219,2.9049,3.2233,NaN,NaN,2.0464,2.2974,4.0997,3.7965,2.4133,2.4126,2.3295,2.3963,2.7267,2.7124,4.2877,3.5115,3.4517,3.7609,3.7412,3.6558,3.2861,3.2016,2.0983,2.2122,2.8595,2.9763,3.0251,2.7611,3.2379,3.1817,2.5506,3.0139,2.6404,2.663,2.1089,2.4407,2.4927,2.2863,2.1307,2.4686,2.7753,3.2934,2.8526,2.7033,3.0432,3.0322,2.9488,2.6158,3.162,3.2144,2.6079,2.6082,1.9694,2.1309,2.6543,2.5754,3.1999,3.0839,3.2075,2.9406,3.3798,3.0638,2.7037,2.8409,2.9936,2.6838,2.8188,3.0746,2.9505,2.7433
sub-101_T1w,2.5471,2.463,2.5353,2.9674,2.8486,2.6486,2.4632,2.1017,3.0037,2.9906,2.8608,2.981,3.0925,3.2657,2.9721,3.2303,2.7929,3.0518,3.6575,3.6164,3.033,3.0327,2.3489,2.2429,3.1884,3.2045,3.5152,3.2528,2.9746,3.2662,3.2142,3.1488,3.4059,3.504,4.767,4.3761,5.4336,4.6718,3.0364,2.9677,2.4298,2.5223,3.2786,3.3287,2.6327,2.6354,3.5485,3.7373,3.4134,3.518,3.0986,3.0253,3.1133,3.0724,2.7362,2.677,2.5004,2.3454,3.2099,3.077,3.0549,2.9485,2.7042,2.7814,3.158,3.0519,2.9731,3.0877,3.407,3.6303,3.7484,3.8427,2.9955,3.0283,3.1722,2.953,3.2511,3.401,2.6439,2.5394,3.2747,3.0039,2.71,3.006,NaN,NaN,2.1849,2.272,3.9063,4.0206,2.1981,2.195,2.2415,2.3365,2.7014,2.4967,4.1379,3.8037,3.4288,3.229,3.2864,3.2055,3.0793,2.8761,2.3726,2.4368,2.7702,2.7436,2.7537,2.7051,2.9855,3.0277,2.3383,3.1858,2.5147,2.4782,2.2381,2.282,2.4269,2.1673,2.3618,2.6186,2.4948,2.9813,2.7888,2.5525,2.8911,3.338,2.3653,2.3821,3.2155,3.2852,2.5419,2.4968,1.8595,1.9632,2.5562,2.6575,2.9381,2.9129,2.8746,2.9688,2.3601,2.7764,2.8199,2.8829,2.658,2.5863,2.7496,2.7888,2.4971,2.846
sub-104_T1w,2.5272,2.4142,2.6924,2.7367,2.5813,2.3778,2.7177,2.2784,2.9213,3.0625,2.8019,2.804,3.1688,3.1815,3.1992,3.3742,3.2688,3.0546,3.478,3.4708,3.2462,3.2471,2.2372,2.3113,3.2,3.31,3.1188,2.8439,2.9438,3.0488,3.0053,2.7997,3.2596,3.2334,4.3917,5.0223,5.1539,4.8882,2.8176,3.0153,2.3876,2.6496,3.1435,3.0759,2.3393,2.4859,3.648,3.5918,3.0721,3.0518,3.0609,3.0003,2.9891,3.0219,2.6775,2.5641,2.5427,2.5391,2.8902,2.9987,2.942,2.902,2.8654,2.8056,2.414,3.5496,3.0584,3.055,3.4361,3.3417,3.926,3.5807,2.9348,3.2877,2.7321,3.1755,3.3693,3.3666,2.8601,2.893,2.9365,2.8539,2.9139,3.0981,NaN,NaN,2.0187,2.2491,4.1203,3.4129,2.4324,2.2641,2.1874,2.177,2.7084,2.6748,3.9922,3.5932,3.6509,3.5795,3.3993,3.2771,3.1829,2.702,2.2962,2.3263,2.8095,2.8209,2.9122,2.6112,3.0718,2.9194,3.2572,2.6886,2.5617,2.6593,2.192,2.363,2.3096,2.3893,2.4108,2.3789,2.7383,2.595,2.9132,2.7244,2.8336,2.6523,2.6154,2.747,2.8716,3.1116,2.6572,2.611,2.1329,1.712,2.6084,2.401,3.0671,2.8912,3.0882,2.8423,2.6542,2.4504,2.7037,2.5811,2.7169,2.7883,2.8955,2.8743,2.7183,3.3122
sub-106_T1w,2.5318,2.7657,2.9021,2.9677,2.7352,2.7229,2.7466,2.7728,2.984,3.0606,3.284,2.8955,3.4529,3.3128,3.329,3.4549,3.1095,3.2732,3.66,3.5708,3.0185,3.3243,2.2972,2.4932,3.5056,3.2602,3.4802,3.3215,3.2672,3.107,3.4419,3.3413,3.5881,3.6119,4.3592,4.8154,4.3789,4.7269,2.9287,2.831,2.3478,2.5789,3.1015,3.2877,2.7618,2.8756,3.7984,3.7225,3.4895,3.3192,3.053,3.2656,3.1796,3.248,2.9455,2.9496,2.4468,2.4902,3.3054,3.3733,3.0656,3.2631,2.9652,2.6115,3.4196,3.0011,3.0319,3.1737,3.3229,3.663,4.1309,3.7933,2.928,3.2683,3.2306,3.1167,3.5862,3.6118,2.7374,2.8936,3.3894,3.1062,2.7988,2.9256,NaN,NaN,2.183,2.1968,3.7939,3.6946,2.34,2.2584,2.2695,2.3375,2.7895,2.8107,3.9989,3.6377,3.7841,3.7241,3.3668,3.3323,3.2409,3.3384,3.0673,2.9385,2.9166,2.8117,2.8722,3.1615,2.9965,3.2706,2.776,2.8746,2.4566,2.7062,2.4086,2.4498,2.4059,2.4474,2.3497,2.4273,2.752,3.0095,2.7719,2.814,2.8271,2.4973,2.5156,2.4312,3.4711,3.3684,2.6077,2.6554,2.0122,2.1418,2.6809,2.5535,2.9568,2.8507,2.9807,3.0011,3.1188,2.5385,2.6538,2.9795,2.6751,2.7819,2.6436,2.9516,2.8656,2.8045
sub-108_T1w,2.5735,2.58,2.6648,2.4483,2.2935,2.3674,2.5431,2.4736,2.9586,2.9027,2.6991,2.7691,2.9786,3.128,3.0828,3.1702,2.8704,3.006,3.3645,3.5958,2.9414,3.0257,2.1934,2.2299,3.1703,2.9579,3.3679,2.8194,2.9876,2.8253,2.9901,3.026,3.2072,3.2836,4.0819,3.7627,4.7981,3.8563,2.7465,2.5908,2.339,2.2787,2.9849,2.9549,2.4621,2.5683,3.7692,3.5602,3.2081,3.2001,2.9338,3.0537,2.9404,3.0048,2.6999,2.6015,2.3942,2.3832,3.0775,2.9336,2.9151,2.9033,2.5599,2.8344,2.7429,3.2648,2.9649,3.1129,3.277,3.2467,3.7638,3.6074,2.9458,2.8857,2.7923,2.8423,3.3916,3.3119,3.0308,2.9458,3.1379,2.858,2.6408,2.6906,NaN,NaN,2.0911,1.9953,3.3471,2.9636,2.2481,2.4479,2.272,2.2284,2.678,2.4289,3.4329,3.4111,3.2715,3.1646,3.0138,3.0152,2.7944,2.6073,2.281,2.1281,2.7061,2.6464,2.6022,2.6282,2.7512,2.7266,2.4149,2.3235,2.3157,2.3796,2.2759,2.4971,2.1251,2.0959,2.3851,2.4751,2.5093,2.3848,2.5295,2.6347,2.4671,2.8034,2.3578,2.3495,2.8348,3.0492,2.301,2.4705,2.0248,2.4005,2.3373,2.4119,2.8689,2.9111,2.8433,2.8083,2.9743,2.3641,2.5243,2.6543,2.578,2.5299,2.5883,2.8071,2.8429,3.0389
sub-112_T1w,2.6501,2.6372,2.7994,2.5596,2.3659,2.4854,2.515,2.6892,2.9054,2.9101,2.742,2.6904,3.1915,3.1003,3.0838,3.3517,2.8019,3.026,3.1252,3.3153,2.9332,2.8739,2.2096,2.1685,3.3435,3.0891,3.1745,3.1202,2.8462,3.0449,3.1164,3.0207,3.4726,3.5042,4.4958,3.9415,5.4106,4.0756,2.6401,2.7678,2.176,2.319,3.1,2.8448,2.5982,2.4392,3.3269,3.4222,3.3484,3.3582,2.8463,3.103,3.0697,2.9653,2.5779,2.5205,2.3944,2.119,3.0719,3.1385,2.7847,2.8093,2.6412,2.7487,2.7448,2.2971,2.9924,3.0413,3.1428,3.4652,4.0636,3.7688,2.8033,2.9416,3.0546,3.0382,3.1065,3.3657,3.0725,2.721,2.9111,3.0281,2.7221,2.8985,NaN,NaN,2.0433,2.0862,3.7128,3.8531,2.4608,2.3388,2.2716,2.2538,2.4635,2.7048,3.9411,3.5759,3.7245,3.5581,3.371,3.236,3.0255,2.9816,2.1429,1.7619,2.5139,2.6546,2.7842,2.5285,3.1006,3.0137,2.3433,2.3529,2.3813,2.4859,2.1378,2.1225,2.3548,2.2531,2.248,2.706,2.6714,2.7526,2.556,2.3729,2.5909,2.5141,2.5355,2.9851,2.9704,3.155,2.4458,2.5099,1.8506,2.0474,2.4279,2.3723,2.8603,2.9508,2.9307,2.9929,2.9582,2.805,2.5314,2.4458,2.4482,2.4515,2.4397,2.7798,2.3973,2.8524
sub-113_T1w,2.5691,2.4832,2.8839,2.8433,2.8091,2.6352,2.5614,2.7577,3.2191,2.9302,2.8733,2.8415,3.3982,3.4686,3.5325,3.5225,3.4513,3.3482,3.4609,3.6136,3.4657,2.9676,2.2467,2.394,3.25,3.0253,3.243,3.5349,3.1577,3.1301,3.2298,3.0174,3.5377,3.4652,4.4333,4.2845,5.0093,4.3519,2.6343,2.8641,2.345,2.3717,3.0688,3.0423,2.5098,2.4849,3.7518,3.2165,3.4343,3.2997,3.0065,3.1416,3.0822,3.1912,2.7449,2.883,2.4164,2.3284,2.9441,2.918,3.0114,3.0559,2.6415,2.4791,3.7301,3.1238,3.0604,2.8365,3.2349,3.1157,4.3589,3.4507,2.9401,3.0459,2.8892,3.0261,3.3175,3.2862,2.8203,3.0307,3.25,3.0632,2.9994,3.0568,NaN,NaN,1.9787,1.9998,3.6612,3.6067,2.2251,2.3783,2.2361,2.1102,2.8638,2.8206,3.9105,3.7786,3.4086,3.2248,3.4596,3.4654,2.8883,2.8864,2.4351,2.4631,2.8256,2.8157,2.9793,2.9296,3.1397,3.1509,2.678,2.7084,2.2561,2.4411,2.2101,2.7244,2.2833,2.3275,2.719,2.7362,3.0272,3.0938,2.7061,2.3819,2.7407,2.9022,2.4528,2.4113,3.3618,3.1518,2.4876,2.4439,2.1506,2.0234,2.5901,2.4606,3.0402,2.9847,3.113,3.0437,2.8296,2.2277,2.7834,2.7808,2.8399,2.5218,2.8986,2.8573,3.0574,2.9352
sub-114_T1w,2.5379,2.4769,2.7316,2.5718,2.3866,2.488,2.456,2.3681,2.9676,2.7355,2.5329,2.518,3.0439,2.8988,3.1709,3.2606,2.9029,3.0298,3.3849,3.475,3.5176,3.7475,2.2234,2.1794,3.2329,3.2804,2.6852,2.536,2.842,2.8366,3.0171,2.864,3.3443,3.2352,4.2446,3.953,5.3221,4.5322,2.649,2.7876,2.3763,2.4335,3.0897,3.2791,2.4606,2.5592,2.7731,3.6135,3.0877,3.1066,2.8643,2.8406,2.908,2.8603,2.6014,2.5451,2.3042,2.242,3.0889,2.9901,2.9688,2.7429,2.7246,2.7641,2.8543,3.2375,2.7978,2.5134,3.2987,3.2522,4.1057,3.4858,2.8184,2.9245,2.8935,3.0522,3.14,3.1512,2.9252,2.906,2.7993,2.871,2.6772,2.8446,NaN,NaN,1.9963,2.1254,3.7593,2.6947,2.433,2.3314,2.2081,2.3129,2.5899,2.6372,3.4968,3.696,3.5548,3.2591,3.3315,3.307,2.9923,3.0899,2.2429,2.1507,2.7291,2.6194,2.8233,2.5221,3.0568,2.8548,2.6864,2.4979,2.3842,2.3384,2.1887,2.4377,2.3965,2.2764,2.4018,2.4859,2.5109,2.7152,2.6319,2.2371,2.6381,2.8153,2.4783,2.6115,3.0167,2.8386,2.4473,2.5357,2.3717,2.2284,2.4307,2.2774,2.8872,2.8996,2.9512,2.8945,2.7939,2.4506,2.7091,2.4921,2.6957,2.669,2.78,2.8307,2.1874,2.124
sub-115_T1w,2.568,2.4314,2.7035,2.8733,2.5426,2.5578,2.1796,2.061,3.0067,3.1587,2.8748,2.7711,2.9184,2.9737,3.0492,3.2637,3.1268,2.9916,3.7065,3.7933,3.7799,3.224,2.2902,2.3,3.2459,3.2368,3.1582,3.181,2.9671,3.0633,3.1454,3.0483,3.3304,3.2423,4.4484,4.6311,5.2779,4.7133,2.7175,2.9747,2.1072,2.4477,3.1738,3.1526,2.3954,2.6649,3.3057,3.3696,3.5036,3.5445,3.1858,3.3699,3.0579,3.0478,2.7626,2.6909,2.4456,2.6534,2.8984,2.9476,2.8936,2.9721,2.6883,2.7329,2.341,3.5257,3.1403,2.7329,3.513,3.4239,4.1659,3.9604,2.6329,2.9314,3.1681,3.2862,3.4262,3.2849,3.2973,2.7792,2.7442,2.9773,2.799,2.8148,NaN,NaN,2.0332,1.9713,4.054,3.4989,2.1065,2.2367,2.1345,2.1875,2.5257,2.6593,3.9009,3.7506,3.7355,3.7163,3.3463,3.046,3.1669,2.8768,2.3589,2.6529,2.6798,2.6216,2.7363,2.689,2.9994,2.8878,3.009,3.1069,2.6386,2.5595,2.2032,2.3892,2.1187,2.0996,2.8788,2.4551,2.597,3.2603,2.7609,2.6712,2.7744,2.7302,2.4548,2.2924,3.0577,3.2762,2.5514,2.505,1.9713,1.7647,2.5304,2.585,2.84,2.8621,2.8598,2.8211,2.843,2.5982,2.53,2.6037,2.5226,3.1567,2.7706,2.8677,3.0151,2.968
sub-117_T1w,2.3779,2.3226,2.5853,2.777,2.3974,2.4527,2.489,2.3909,2.7697,2.5651,2.7968,2.6243,2.6566,2.8299,3.0625,3.1486,2.671,2.716,3.1998,3.3615,3.1141,2.7546,2.0595,2.1269,2.9903,2.975,3.3001,2.9255,2.7981,2.6712,2.9843,2.8177,3.1143,3.2081,3.8706,4.0802,4.2077,4.0702,2.608,2.6264,2.1241,2.2265,2.7219,2.9159,2.2046,2.2157,3.4246,3.3051,3.2025,3.0455,2.7536,2.7433,2.9009,2.7838,2.4874,2.4597,2.1671,2.1759,2.9846,2.9409,2.6272,2.7985,2.7235,2.6975,2.3289,2.2603,2.6864,2.6947,3.0524,3.0206,3.6191,3.4218,2.9348,2.7593,2.9075,2.9202,2.7601,3.0758,2.5868,2.871,2.8776,2.5926,2.4509,2.4548,NaN,NaN,1.9328,1.9239,3.6793,3.004,2.4646,2.2025,2.1616,2.0662,2.4475,2.5229,3.4868,3.0767,3.4646,3.0859,2.8735,2.8855,2.8974,3.0674,2.1267,2.0758,2.6543,2.5779,2.631,2.5809,2.8391,2.8144,2.5934,2.536,2.2934,2.1816,1.9397,1.8435,2.0039,1.9833,2.3009,2.0618,2.5254,2.4402,2.2971,2.396,2.6388,2.6511,2.292,2.2559,2.8611,3.1007,2.4087,2.2318,2.0743,1.7499,2.2372,2.2205,2.7191,2.6104,2.9517,2.7555,2.7915,2.158,2.4275,2.3376,2.5465,2.1698,2.4858,2.4363,2.3808,2.6281
sub-119_T1w,2.4714,2.6329,3.0548,2.5685,2.6532,2.7221,2.6602,2.5345,3.1211,3.005,2.9393,3.0008,3.0615,3.0532,3.3847,3.2759,3.3606,3.4226,3.9904,3.9555,3.4694,3.6254,2.469,2.2461,3.359,3.454,3.4875,3.1531,3.0873,3.241,3.2126,3.009,3.5008,3.5445,3.9865,4.4854,4.3292,4.4462,2.9589,3.079,2.5872,2.7057,3.5125,3.6978,2.5054,2.6509,3.1184,3.8881,3.6627,3.4614,3.0367,3.291,3.0199,3.202,2.8004,2.8383,2.4896,2.5067,3.216,3.2392,3.2235,3.085,2.7477,2.4574,3.5517,2.5233,2.8674,3.1585,3.4062,3.4632,3.6932,3.9192,3.0146,3.2228,3.1117,3.2381,3.5557,3.5463,3.124,2.9474,3.0469,2.9176,2.9103,3.1818,NaN,NaN,2.2494,2.1608,3.739,3.4617,2.4288,2.6431,2.3425,2.3919,2.8297,2.7603,3.3996,3.4293,3.7476,3.403,3.3418,3.3238,3.3107,3.0158,2.3504,2.6437,2.695,3.0183,2.5556,2.7606,2.9691,2.9678,2.762,2.9194,2.4214,2.7282,2.2714,2.4016,2.5225,2.5768,2.7069,2.5431,2.4382,2.7076,2.4489,2.5671,3.144,3.2152,2.5989,3.0169,3.1092,3.0396,2.8161,2.7252,2.1663,2.2928,2.6069,2.4746,3.0129,3.0777,2.9834,3.1244,2.9328,2.4988,2.6352,2.8202,2.7069,2.4675,2.7353,2.9459,2.9117,3.3092
sub-122_T1w,2.5296,2.6218,2.6941,2.6926,2.5932,2.8028,2.573,2.3706,3.164,2.886,2.9089,2.9253,3.0381,2.9668,3.2488,3.2227,3.0808,3.0765,3.7128,3.4461,3.0543,2.835,2.344,2.4202,3.2433,3.2193,2.9553,2.9154,2.8904,2.9073,3.0332,3.0274,3.3398,3.3415,4.138,4.2928,5.227,4.4368,2.7906,2.9978,2.4839,2.5902,2.9715,3.2218,2.4427,2.6493,3.6785,3.6662,3.1721,3.1518,2.9244,3.023,3.1078,2.9616,2.6587,2.7091,2.3875,2.2212,2.9713,3.0221,2.994,3.0082,2.6395,2.5047,3.8986,2.6051,3.0866,2.9053,3.4443,3.3314,3.9676,3.6835,3.0474,3.0593,3.0981,3.0538,3.2004,3.4637,2.4144,2.9989,2.7898,2.9184,2.7443,2.8236,NaN,NaN,2.033,2.1898,3.9361,3.2575,2.4404,2.3848,2.234,2.2426,2.6363,2.6922,3.6313,3.4834,3.6009,3.165,3.2943,3.381,3.1426,2.8604,2.3453,2.1373,2.5117,2.5094,2.6935,2.557,3.0378,3.0854,2.9759,2.6899,2.4732,2.6623,2.3894,2.33,2.2323,2.3765,2.6656,2.3748,3.1566,3.4654,2.5874,2.3875,2.6061,2.3409,2.2685,2.3607,2.9965,3.2007,2.6989,2.5434,2.3102,2.0761,2.6102,2.3168,3.0556,2.8705,3.0909,3.0192,3.2751,2.669,2.7167,2.7286,3.1125,2.7143,2.7053,2.82,3.0382,3.0002
